scale,event_type,budget_sec,algorithm,n_rows,n_metric_rows,mean,std,median,min,max
L,breakdown,0.1,B-CORE,5,5,154.552265,9.712703,149.947894,146.363584,170.287718
L,breakdown,0.1,B-CORE-no-bottleneck,5,5,166.438735,9.452381,169.065726,155.072570,176.243080
L,breakdown,0.1,B-CORE-no-graph,5,5,154.552265,9.712703,149.947894,146.363584,170.287718
L,breakdown,0.1,DCGA,5,5,230.343909,15.508822,225.034805,215.550106,255.283010
L,breakdown,0.1,GA,5,5,226.607474,12.495829,224.099162,212.350353,246.459400
L,breakdown,0.1,LNS,5,5,235.084570,20.277981,225.034805,215.550106,265.281654
L,breakdown,0.1,MOEA-NSGA2,5,5,216.469276,7.375094,218.706450,208.463059,224.556855
L,breakdown,0.1,MOR,5,5,189.499626,18.298296,191.158843,170.464416,217.528578
L,breakdown,0.1,MachineRank,5,5,206.196293,11.877499,201.415838,197.761564,226.797932
L,breakdown,0.1,SA,5,5,226.493592,14.290395,226.637234,208.148938,246.721505
L,breakdown,0.5,B-CORE,5,5,154.552265,9.712703,149.947894,146.363584,170.287718
L,breakdown,0.5,B-CORE-no-bottleneck,5,5,166.438735,9.452381,169.065726,155.072570,176.243080
L,breakdown,0.5,B-CORE-no-graph,5,5,154.552265,9.712703,149.947894,146.363584,170.287718
L,breakdown,0.5,DCGA,5,5,216.770029,16.803495,218.334048,199.516899,240.851733
L,breakdown,0.5,GA,5,5,212.066645,14.281271,210.501175,193.444201,228.383986
L,breakdown,0.5,LNS,5,5,224.974419,10.983914,225.034805,208.709490,239.244307
L,breakdown,0.5,MOEA-NSGA2,5,5,216.469276,7.375094,218.706450,208.463059,224.556855
L,breakdown,0.5,MOR,5,5,189.499626,18.298296,191.158843,170.464416,217.528578
L,breakdown,0.5,MachineRank,5,5,206.196293,11.877499,201.415838,197.761564,226.797932
L,breakdown,0.5,SA,5,5,218.448731,17.578124,219.630288,190.504845,235.150500
L,breakdown,1.0,B-CORE,5,5,154.552265,9.712703,149.947894,146.363584,170.287718
L,breakdown,1.0,B-CORE-no-bottleneck,5,5,166.438735,9.452381,169.065726,155.072570,176.243080
L,breakdown,1.0,B-CORE-no-graph,5,5,154.552265,9.712703,149.947894,146.363584,170.287718
L,breakdown,1.0,DCGA,5,5,210.617111,12.088281,209.178600,197.597136,228.423294
L,breakdown,1.0,GA,5,5,215.204922,5.857703,214.737584,208.070844,222.976406
L,breakdown,1.0,LNS,5,5,219.403372,12.628943,217.388289,207.401888,235.957430
L,breakdown,1.0,MOEA-NSGA2,5,5,215.342534,9.047728,218.706450,203.337259,224.556855
L,breakdown,1.0,MOR,5,5,189.499626,18.298296,191.158843,170.464416,217.528578
L,breakdown,1.0,MachineRank,5,5,206.196293,11.877499,201.415838,197.761564,226.797932
L,breakdown,1.0,SA,5,5,216.274309,15.916446,220.472412,190.504845,233.868512
L,breakdown,10.0,B-CORE,5,5,154.552265,9.712703,149.947894,146.363584,170.287718
L,breakdown,10.0,B-CORE-no-bottleneck,5,5,166.438735,9.452381,169.065726,155.072570,176.243080
L,breakdown,10.0,B-CORE-no-graph,5,5,154.552265,9.712703,149.947894,146.363584,170.287718
L,breakdown,10.0,DCGA,5,5,194.508274,15.259699,185.619212,181.413368,214.328464
L,breakdown,10.0,GA,5,5,194.198439,12.543990,190.354886,182.726080,209.487524
L,breakdown,10.0,LNS,5,5,199.724151,12.734096,194.162910,187.808546,216.608489
L,breakdown,10.0,MOEA-NSGA2,5,5,192.207164,12.241077,191.752820,180.624193,212.044461
L,breakdown,10.0,MOR,5,5,189.499626,18.298296,191.158843,170.464416,217.528578
L,breakdown,10.0,MachineRank,5,5,206.196293,11.877499,201.415838,197.761564,226.797932
L,breakdown,10.0,SA,5,5,207.263684,14.891992,212.802007,186.115626,223.170460
L,breakdown,5.0,B-CORE,5,5,154.552265,9.712703,149.947894,146.363584,170.287718
L,breakdown,5.0,B-CORE-no-bottleneck,5,5,166.438735,9.452381,169.065726,155.072570,176.243080
L,breakdown,5.0,B-CORE-no-graph,5,5,154.552265,9.712703,149.947894,146.363584,170.287718
L,breakdown,5.0,DCGA,5,5,202.134459,10.144922,202.506669,186.328808,214.328464
L,breakdown,5.0,GA,5,5,196.412203,8.771373,192.795556,189.062687,208.865924
L,breakdown,5.0,LNS,5,5,205.814345,10.506695,207.824235,189.833519,217.524908
L,breakdown,5.0,MOEA-NSGA2,5,5,196.650042,10.267297,196.735445,186.715915,213.059970
L,breakdown,5.0,MOR,5,5,189.499626,18.298296,191.158843,170.464416,217.528578
L,breakdown,5.0,MachineRank,5,5,206.196293,11.877499,201.415838,197.761564,226.797932
L,breakdown,5.0,SA,5,5,209.142744,15.454343,214.797918,188.056098,223.170460
L,mixed,0.1,B-CORE,5,5,153.290501,6.436843,149.750241,147.699705,161.132153
L,mixed,0.1,B-CORE-no-bottleneck,5,5,166.345244,8.755019,163.959725,154.906337,175.482547
L,mixed,0.1,B-CORE-no-graph,5,5,153.290501,6.436843,149.750241,147.699705,161.132153
L,mixed,0.1,DCGA,5,5,221.542431,17.603719,229.479317,199.487768,240.757076
L,mixed,0.1,GA,5,5,229.585809,10.104066,227.258260,215.044302,239.979004
L,mixed,0.1,LNS,5,5,236.937471,10.610685,236.276495,223.558927,253.174008
L,mixed,0.1,MOEA-NSGA2,5,5,222.803375,11.883969,223.503288,205.107919,238.093222
L,mixed,0.1,MOR,5,5,204.856379,13.423741,207.167595,185.747423,220.109753
L,mixed,0.1,MachineRank,5,5,208.199354,13.341378,209.138758,193.578899,226.137463
L,mixed,0.1,SA,5,5,225.228330,21.512767,233.090071,193.750245,248.316280
L,mixed,0.5,B-CORE,5,5,153.290501,6.436843,149.750241,147.699705,161.132153
L,mixed,0.5,B-CORE-no-bottleneck,5,5,166.345244,8.755019,163.959725,154.906337,175.482547
L,mixed,0.5,B-CORE-no-graph,5,5,153.290501,6.436843,149.750241,147.699705,161.132153
L,mixed,0.5,DCGA,5,5,214.209236,17.421798,217.352556,189.334048,231.112376
L,mixed,0.5,GA,5,5,224.059959,11.361697,224.611810,206.486040,238.093222
L,mixed,0.5,LNS,5,5,224.858380,7.898650,225.482934,216.707373,236.276495
L,mixed,0.5,MOEA-NSGA2,5,5,222.803375,11.883969,223.503288,205.107919,238.093222
L,mixed,0.5,MOR,5,5,204.856379,13.423741,207.167595,185.747423,220.109753
L,mixed,0.5,MachineRank,5,5,208.199354,13.341378,209.138758,193.578899,226.137463
L,mixed,0.5,SA,5,5,223.661473,20.710432,229.176203,193.750245,248.316280
L,mixed,1.0,B-CORE,5,5,153.290501,6.436843,149.750241,147.699705,161.132153
L,mixed,1.0,B-CORE-no-bottleneck,5,5,166.345244,8.755019,163.959725,154.906337,175.482547
L,mixed,1.0,B-CORE-no-graph,5,5,153.290501,6.436843,149.750241,147.699705,161.132153
L,mixed,1.0,DCGA,5,5,215.499172,10.264193,219.201384,204.423638,227.987828
L,mixed,1.0,GA,5,5,222.470249,11.976369,223.503288,205.107919,238.093222
L,mixed,1.0,LNS,5,5,222.138579,9.606316,225.871421,208.488804,233.098535
L,mixed,1.0,MOEA-NSGA2,5,5,222.803375,11.883969,223.503288,205.107919,238.093222
L,mixed,1.0,MOR,5,5,204.856379,13.423741,207.167595,185.747423,220.109753
L,mixed,1.0,MachineRank,5,5,208.199354,13.341378,209.138758,193.578899,226.137463
L,mixed,1.0,SA,5,5,220.117509,19.439473,220.643110,193.750245,248.316280
L,mixed,10.0,B-CORE,5,5,153.290501,6.436843,149.750241,147.699705,161.132153
L,mixed,10.0,B-CORE-no-bottleneck,5,5,166.345244,8.755019,163.959725,154.906337,175.482547
L,mixed,10.0,B-CORE-no-graph,5,5,153.290501,6.436843,149.750241,147.699705,161.132153
L,mixed,10.0,DCGA,5,5,192.237438,14.848456,195.190292,172.295988,211.677665
L,mixed,10.0,GA,5,5,192.761422,4.757130,191.182834,186.690388,198.458347
L,mixed,10.0,LNS,5,5,199.506814,9.411055,196.750724,187.145548,212.044664
L,mixed,10.0,MOEA-NSGA2,5,5,195.848383,12.976491,197.689271,182.481680,212.959918
L,mixed,10.0,MOR,5,5,204.856379,13.423741,207.167595,185.747423,220.109753
L,mixed,10.0,MachineRank,5,5,208.199354,13.341378,209.138758,193.578899,226.137463
L,mixed,10.0,SA,5,5,207.722035,11.153993,207.191115,197.884232,225.059528
L,mixed,5.0,B-CORE,5,5,153.290501,6.436843,149.750241,147.699705,161.132153
L,mixed,5.0,B-CORE-no-bottleneck,5,5,166.345244,8.755019,163.959725,154.906337,175.482547
L,mixed,5.0,B-CORE-no-graph,5,5,153.290501,6.436843,149.750241,147.699705,161.132153
L,mixed,5.0,DCGA,5,5,199.550697,10.269123,202.362785,187.412542,212.483842
L,mixed,5.0,GA,5,5,199.002586,16.249926,194.292540,180.388731,224.372604
L,mixed,5.0,LNS,5,5,205.559833,12.281933,202.708948,191.082068,223.166834
L,mixed,5.0,MOEA-NSGA2,5,5,200.353457,9.717123,198.805309,186.188517,211.210054
L,mixed,5.0,MOR,5,5,204.856379,13.423741,207.167595,185.747423,220.109753
L,mixed,5.0,MachineRank,5,5,208.199354,13.341378,209.138758,193.578899,226.137463
L,mixed,5.0,SA,5,5,216.572130,18.409057,216.020746,192.835846,237.471570
L,rush_job,0.1,B-CORE,5,5,156.794004,6.588074,154.354225,149.108961,166.055345
L,rush_job,0.1,B-CORE-no-bottleneck,5,5,167.094553,4.270706,167.056539,162.254492,173.335125
L,rush_job,0.1,B-CORE-no-graph,5,5,156.794004,6.588074,154.354225,149.108961,166.055345
L,rush_job,0.1,DCGA,5,5,232.765840,11.474295,229.742808,221.661392,248.263925
L,rush_job,0.1,GA,5,5,239.230215,13.623459,244.052834,215.839235,249.100589
L,rush_job,0.1,LNS,5,5,239.369105,8.211496,235.435124,233.891798,253.736055
L,rush_job,0.1,MOEA-NSGA2,5,5,212.632458,8.315984,212.262578,199.971376,221.152926
L,rush_job,0.1,MOR,5,5,213.526372,17.065316,211.776469,194.570813,232.853025
L,rush_job,0.1,MachineRank,5,5,213.318076,23.626953,206.048214,189.917220,250.283342
L,rush_job,0.1,SA,5,5,247.336636,27.887144,256.810300,201.566774,275.021944
L,rush_job,0.5,B-CORE,5,5,156.794004,6.588074,154.354225,149.108961,166.055345
L,rush_job,0.5,B-CORE-no-bottleneck,5,5,167.094553,4.270706,167.056539,162.254492,173.335125
L,rush_job,0.5,B-CORE-no-graph,5,5,156.794004,6.588074,154.354225,149.108961,166.055345
L,rush_job,0.5,DCGA,5,5,224.388503,12.407755,221.286839,209.657969,239.714186
L,rush_job,0.5,GA,5,5,216.051881,4.920273,217.081957,207.865728,221.152926
L,rush_job,0.5,LNS,5,5,225.418358,13.245453,232.036032,208.556331,238.556964
L,rush_job,0.5,MOEA-NSGA2,5,5,212.632458,8.315984,212.262578,199.971376,221.152926
L,rush_job,0.5,MOR,5,5,213.526372,17.065316,211.776469,194.570813,232.853025
L,rush_job,0.5,MachineRank,5,5,213.318076,23.626953,206.048214,189.917220,250.283342
L,rush_job,0.5,SA,5,5,236.772667,21.316805,243.435388,201.566774,254.312578
L,rush_job,1.0,B-CORE,5,5,156.794004,6.588074,154.354225,149.108961,166.055345
L,rush_job,1.0,B-CORE-no-bottleneck,5,5,167.094553,4.270706,167.056539,162.254492,173.335125
L,rush_job,1.0,B-CORE-no-graph,5,5,156.794004,6.588074,154.354225,149.108961,166.055345
L,rush_job,1.0,DCGA,5,5,216.394458,8.109859,216.947432,204.610472,226.904143
L,rush_job,1.0,GA,5,5,213.907632,6.897372,213.433578,206.862375,221.152926
L,rush_job,1.0,LNS,5,5,219.296467,8.188439,224.935458,207.671076,225.194751
L,rush_job,1.0,MOEA-NSGA2,5,5,209.163837,11.511719,210.800413,194.919475,221.152926
L,rush_job,1.0,MOR,5,5,213.526372,17.065316,211.776469,194.570813,232.853025
L,rush_job,1.0,MachineRank,5,5,213.318076,23.626953,206.048214,189.917220,250.283342
L,rush_job,1.0,SA,5,5,233.181589,20.619479,243.435388,201.566774,250.724492
L,rush_job,10.0,B-CORE,5,5,156.794004,6.588074,154.354225,149.108961,166.055345
L,rush_job,10.0,B-CORE-no-bottleneck,5,5,167.094553,4.270706,167.056539,162.254492,173.335125
L,rush_job,10.0,B-CORE-no-graph,5,5,156.794004,6.588074,154.354225,149.108961,166.055345
L,rush_job,10.0,DCGA,5,5,193.209219,8.843498,196.579877,183.259842,203.648988
L,rush_job,10.0,GA,5,5,191.996568,5.704880,192.172593,183.345664,198.252706
L,rush_job,10.0,LNS,5,5,201.026839,13.159622,205.398496,186.346324,217.665347
L,rush_job,10.0,MOEA-NSGA2,5,5,197.113815,9.791082,195.505391,182.914108,208.647237
L,rush_job,10.0,MOR,5,5,213.526372,17.065316,211.776469,194.570813,232.853025
L,rush_job,10.0,MachineRank,5,5,213.318076,23.626953,206.048214,189.917220,250.283342
L,rush_job,10.0,SA,5,5,211.379793,10.151429,214.412999,194.792893,220.312042
L,rush_job,5.0,B-CORE,5,5,156.794004,6.588074,154.354225,149.108961,166.055345
L,rush_job,5.0,B-CORE-no-bottleneck,5,5,167.094553,4.270706,167.056539,162.254492,173.335125
L,rush_job,5.0,B-CORE-no-graph,5,5,156.794004,6.588074,154.354225,149.108961,166.055345
L,rush_job,5.0,DCGA,5,5,192.218615,3.560579,192.187497,187.065484,196.998016
L,rush_job,5.0,GA,5,5,200.412662,6.652257,198.358406,194.494613,211.810182
L,rush_job,5.0,LNS,5,5,204.705922,12.593572,206.839808,191.227014,217.665347
L,rush_job,5.0,MOEA-NSGA2,5,5,200.954889,6.981784,205.638708,192.986562,206.753671
L,rush_job,5.0,MOR,5,5,213.526372,17.065316,211.776469,194.570813,232.853025
L,rush_job,5.0,MachineRank,5,5,213.318076,23.626953,206.048214,189.917220,250.283342
L,rush_job,5.0,SA,5,5,221.271887,15.988738,229.547436,200.064740,237.561969
M,breakdown,0.1,B-CORE,5,5,79.011724,7.085961,77.843280,70.391156,89.799928
M,breakdown,0.1,B-CORE-no-bottleneck,5,5,80.926509,6.737527,77.279019,74.313041,90.086281
M,breakdown,0.1,B-CORE-no-graph,5,5,79.011724,7.085961,77.843280,70.391156,89.799928
M,breakdown,0.1,DCGA,5,5,92.511548,7.520246,88.407647,86.004359,101.285008
M,breakdown,0.1,GA,5,5,97.272909,8.903632,99.664408,83.167328,105.871376
M,breakdown,0.1,LNS,5,5,102.493970,11.393086,102.668563,88.435163,118.190869
M,breakdown,0.1,MOEA-NSGA2,5,5,93.833761,3.946994,93.230073,90.102538,100.097871
M,breakdown,0.1,MOR,5,5,100.057937,4.236875,99.273012,94.580759,106.363740
M,breakdown,0.1,MachineRank,5,5,93.990849,8.767352,91.939054,85.116127,104.525282
M,breakdown,0.1,SA,5,5,96.690033,16.290055,99.962085,72.111461,114.900117
M,breakdown,0.5,B-CORE,5,5,79.011724,7.085961,77.843280,70.391156,89.799928
M,breakdown,0.5,B-CORE-no-bottleneck,5,5,80.926509,6.737527,77.279019,74.313041,90.086281
M,breakdown,0.5,B-CORE-no-graph,5,5,79.011724,7.085961,77.843280,70.391156,89.799928
M,breakdown,0.5,DCGA,5,5,86.343836,12.210285,91.297508,66.801026,97.030114
M,breakdown,0.5,GA,5,5,88.707432,7.152195,90.904723,76.620397,94.923461
M,breakdown,0.5,LNS,5,5,89.246634,9.358655,85.570582,78.046995,101.791942
M,breakdown,0.5,MOEA-NSGA2,5,5,90.473519,8.562665,90.907279,76.677158,99.378196
M,breakdown,0.5,MOR,5,5,100.057937,4.236875,99.273012,94.580759,106.363740
M,breakdown,0.5,MachineRank,5,5,93.990849,8.767352,91.939054,85.116127,104.525282
M,breakdown,0.5,SA,5,5,92.051286,12.178759,93.562573,72.111461,105.269336
M,breakdown,1.0,B-CORE,5,5,79.011724,7.085961,77.843280,70.391156,89.799928
M,breakdown,1.0,B-CORE-no-bottleneck,5,5,80.926509,6.737527,77.279019,74.313041,90.086281
M,breakdown,1.0,B-CORE-no-graph,5,5,79.011724,7.085961,77.843280,70.391156,89.799928
M,breakdown,1.0,DCGA,5,5,81.359717,8.130351,84.477439,67.682248,88.053711
M,breakdown,1.0,GA,5,5,84.397188,4.150398,84.844384,79.061357,90.162274
M,breakdown,1.0,LNS,5,5,87.392692,5.394191,87.252022,79.374828,92.865215
M,breakdown,1.0,MOEA-NSGA2,5,5,84.393312,8.970845,86.664626,74.477499,93.982233
M,breakdown,1.0,MOR,5,5,100.057937,4.236875,99.273012,94.580759,106.363740
M,breakdown,1.0,MachineRank,5,5,93.990849,8.767352,91.939054,85.116127,104.525282
M,breakdown,1.0,SA,5,5,91.114487,11.592239,93.057059,72.111461,103.204444
M,breakdown,10.0,B-CORE,5,5,79.011724,7.085961,77.843280,70.391156,89.799928
M,breakdown,10.0,B-CORE-no-bottleneck,5,5,80.926509,6.737527,77.279019,74.313041,90.086281
M,breakdown,10.0,B-CORE-no-graph,5,5,79.011724,7.085961,77.843280,70.391156,89.799928
M,breakdown,10.0,DCGA,5,5,72.621161,7.624115,72.700396,60.404255,79.507951
M,breakdown,10.0,GA,5,5,74.801615,6.407762,76.137478,66.291773,82.648258
M,breakdown,10.0,LNS,5,5,77.304275,8.111443,80.082908,63.074415,83.536560
M,breakdown,10.0,MOEA-NSGA2,5,5,73.535758,6.498329,73.096250,64.250089,81.816864
M,breakdown,10.0,MOR,5,5,100.057937,4.236875,99.273012,94.580759,106.363740
M,breakdown,10.0,MachineRank,5,5,93.990849,8.767352,91.939054,85.116127,104.525282
M,breakdown,10.0,SA,5,5,85.895229,7.806287,89.110553,72.736211,91.431964
M,breakdown,5.0,B-CORE,5,5,79.011724,7.085961,77.843280,70.391156,89.799928
M,breakdown,5.0,B-CORE-no-bottleneck,5,5,80.926509,6.737527,77.279019,74.313041,90.086281
M,breakdown,5.0,B-CORE-no-graph,5,5,79.011724,7.085961,77.843280,70.391156,89.799928
M,breakdown,5.0,DCGA,5,5,75.320454,7.296963,78.430876,64.340393,82.927612
M,breakdown,5.0,GA,5,5,79.569180,8.541017,81.201036,66.687282,89.992114
M,breakdown,5.0,LNS,5,5,78.767463,8.936484,81.391196,63.074415,85.375493
M,breakdown,5.0,MOEA-NSGA2,5,5,77.256190,6.033198,78.162869,67.684377,84.256267
M,breakdown,5.0,MOR,5,5,100.057937,4.236875,99.273012,94.580759,106.363740
M,breakdown,5.0,MachineRank,5,5,93.990849,8.767352,91.939054,85.116127,104.525282
M,breakdown,5.0,SA,5,5,85.182617,6.563484,86.386296,74.120088,91.431964
M,mixed,0.1,B-CORE,5,5,76.361847,6.036979,77.839603,68.507587,84.308774
M,mixed,0.1,B-CORE-no-bottleneck,5,5,75.433679,3.397153,75.528266,72.163495,80.873666
M,mixed,0.1,B-CORE-no-graph,5,5,76.361847,6.036979,77.839603,68.507587,84.308774
M,mixed,0.1,DCGA,5,5,97.163049,8.211885,97.058277,83.922558,104.845880
M,mixed,0.1,GA,5,5,96.954900,3.772243,96.033029,91.908865,101.992114
M,mixed,0.1,LNS,5,5,95.353080,9.801552,99.269104,78.598071,103.010081
M,mixed,0.1,MOEA-NSGA2,5,5,95.806748,6.539331,96.504369,84.959308,101.410485
M,mixed,0.1,MOR,5,5,98.688375,7.804036,100.122255,86.406080,105.642759
M,mixed,0.1,MachineRank,5,5,88.486920,1.172222,87.874390,87.311774,90.063806
M,mixed,0.1,SA,5,5,96.019180,3.883745,97.075859,89.253629,98.674132
M,mixed,0.5,B-CORE,5,5,76.361847,6.036979,77.839603,68.507587,84.308774
M,mixed,0.5,B-CORE-no-bottleneck,5,5,75.433679,3.397153,75.528266,72.163495,80.873666
M,mixed,0.5,B-CORE-no-graph,5,5,76.361847,6.036979,77.839603,68.507587,84.308774
M,mixed,0.5,DCGA,5,5,87.214352,11.340537,89.099835,67.924869,96.318954
M,mixed,0.5,GA,5,5,89.518640,7.246826,87.599257,79.891160,99.269949
M,mixed,0.5,LNS,5,5,85.285213,6.616181,86.337938,75.348539,92.928844
M,mixed,0.5,MOEA-NSGA2,5,5,87.436834,6.164512,86.744393,78.651480,94.068825
M,mixed,0.5,MOR,5,5,98.688375,7.804036,100.122255,86.406080,105.642759
M,mixed,0.5,MachineRank,5,5,88.486920,1.172222,87.874390,87.311774,90.063806
M,mixed,0.5,SA,5,5,94.583753,10.009642,92.508158,81.837787,105.889464
M,mixed,1.0,B-CORE,5,5,76.361847,6.036979,77.839603,68.507587,84.308774
M,mixed,1.0,B-CORE-no-bottleneck,5,5,75.433679,3.397153,75.528266,72.163495,80.873666
M,mixed,1.0,B-CORE-no-graph,5,5,76.361847,6.036979,77.839603,68.507587,84.308774
M,mixed,1.0,DCGA,5,5,77.606726,8.933280,75.197757,67.482294,87.379530
M,mixed,1.0,GA,5,5,84.921445,6.264731,83.088602,76.430439,91.318970
M,mixed,1.0,LNS,5,5,83.405408,4.981044,85.481943,74.789163,86.880214
M,mixed,1.0,MOEA-NSGA2,5,5,81.352228,6.280432,81.735936,72.100677,87.443477
M,mixed,1.0,MOR,5,5,98.688375,7.804036,100.122255,86.406080,105.642759
M,mixed,1.0,MachineRank,5,5,88.486920,1.172222,87.874390,87.311774,90.063806
M,mixed,1.0,SA,5,5,89.632162,6.433079,92.508158,78.627925,93.916136
M,mixed,10.0,B-CORE,5,5,76.361847,6.036979,77.839603,68.507587,84.308774
M,mixed,10.0,B-CORE-no-bottleneck,5,5,75.433679,3.397153,75.528266,72.163495,80.873666
M,mixed,10.0,B-CORE-no-graph,5,5,76.361847,6.036979,77.839603,68.507587,84.308774
M,mixed,10.0,DCGA,5,5,68.736510,5.993450,68.270279,60.997776,77.067318
M,mixed,10.0,GA,5,5,70.631491,8.599157,68.379333,59.691160,82.618727
M,mixed,10.0,LNS,5,5,74.615762,2.554235,75.579333,70.360716,76.551486
M,mixed,10.0,MOEA-NSGA2,5,5,72.859098,1.602129,73.208495,70.510258,74.298066
M,mixed,10.0,MOR,5,5,98.688375,7.804036,100.122255,86.406080,105.642759
M,mixed,10.0,MachineRank,5,5,88.486920,1.172222,87.874390,87.311774,90.063806
M,mixed,10.0,SA,5,5,79.624633,3.137702,78.748221,76.467628,84.548741
M,mixed,5.0,B-CORE,5,5,76.361847,6.036979,77.839603,68.507587,84.308774
M,mixed,5.0,B-CORE-no-bottleneck,5,5,75.433679,3.397153,75.528266,72.163495,80.873666
M,mixed,5.0,B-CORE-no-graph,5,5,76.361847,6.036979,77.839603,68.507587,84.308774
M,mixed,5.0,DCGA,5,5,73.947374,5.668458,73.736524,67.327307,81.651804
M,mixed,5.0,GA,5,5,75.538567,7.276827,76.691160,64.500396,84.491451
M,mixed,5.0,LNS,5,5,75.986840,6.819204,74.198984,70.360716,87.392139
M,mixed,5.0,MOEA-NSGA2,5,5,76.450920,5.811277,77.769470,66.975730,82.344926
M,mixed,5.0,MOR,5,5,98.688375,7.804036,100.122255,86.406080,105.642759
M,mixed,5.0,MachineRank,5,5,88.486920,1.172222,87.874390,87.311774,90.063806
M,mixed,5.0,SA,5,5,85.906452,4.261517,87.347902,81.258350,90.293022
M,rush_job,0.1,B-CORE,5,5,76.694122,8.033357,75.999835,67.368544,89.509742
M,rush_job,0.1,B-CORE-no-bottleneck,5,5,76.949574,4.428497,75.504564,73.557488,84.639603
M,rush_job,0.1,B-CORE-no-graph,5,5,76.694122,8.033357,75.999835,67.368544,89.509742
M,rush_job,0.1,DCGA,5,5,93.612454,13.595983,97.036920,76.225923,106.688572
M,rush_job,0.1,GA,5,5,99.397980,11.645217,99.541566,82.641634,114.202404
M,rush_job,0.1,LNS,5,5,93.352261,14.916682,96.178406,76.322816,110.464777
M,rush_job,0.1,MOEA-NSGA2,5,5,88.817710,11.976598,93.653301,73.607937,101.122800
M,rush_job,0.1,MOR,5,5,94.050877,7.013328,91.001036,87.525776,102.547344
M,rush_job,0.1,MachineRank,5,5,88.418247,9.091640,92.247902,72.161943,92.870691
M,rush_job,0.1,SA,5,5,98.912527,19.418977,101.151243,76.632452,125.430047
M,rush_job,0.5,B-CORE,5,5,76.694122,8.033357,75.999835,67.368544,89.509742
M,rush_job,0.5,B-CORE-no-bottleneck,5,5,76.949574,4.428497,75.504564,73.557488,84.639603
M,rush_job,0.5,B-CORE-no-graph,5,5,76.694122,8.033357,75.999835,67.368544,89.509742
M,rush_job,0.5,DCGA,5,5,85.083261,15.673159,91.660816,67.569747,102.805614
M,rush_job,0.5,GA,5,5,87.390904,6.853182,86.004167,78.678653,95.299562
M,rush_job,0.5,LNS,5,5,86.188499,11.020800,89.540202,73.864408,100.503801
M,rush_job,0.5,MOEA-NSGA2,5,5,86.648270,11.045488,84.887572,72.575146,99.908106
M,rush_job,0.5,MOR,5,5,94.050877,7.013328,91.001036,87.525776,102.547344
M,rush_job,0.5,MachineRank,5,5,88.418247,9.091640,92.247902,72.161943,92.870691
M,rush_job,0.5,SA,5,5,94.792100,22.016211,90.377190,73.638980,129.822951
M,rush_job,1.0,B-CORE,5,5,76.694122,8.033357,75.999835,67.368544,89.509742
M,rush_job,1.0,B-CORE-no-bottleneck,5,5,76.949574,4.428497,75.504564,73.557488,84.639603
M,rush_job,1.0,B-CORE-no-graph,5,5,76.694122,8.033357,75.999835,67.368544,89.509742
M,rush_job,1.0,DCGA,5,5,81.361320,12.155863,86.670582,67.569747,92.482529
M,rush_job,1.0,GA,5,5,81.236341,9.466847,79.756220,71.868544,95.581047
M,rush_job,1.0,LNS,5,5,83.638666,14.457491,88.732362,67.314189,100.122554
M,rush_job,1.0,MOEA-NSGA2,5,5,83.151759,7.645564,84.202249,73.826091,92.558714
M,rush_job,1.0,MOR,5,5,94.050877,7.013328,91.001036,87.525776,102.547344
M,rush_job,1.0,MachineRank,5,5,88.418247,9.091640,92.247902,72.161943,92.870691
M,rush_job,1.0,SA,5,5,88.929477,15.277180,83.142563,76.400428,114.665895
M,rush_job,10.0,B-CORE,5,5,76.694122,8.033357,75.999835,67.368544,89.509742
M,rush_job,10.0,B-CORE-no-bottleneck,5,5,76.949574,4.428497,75.504564,73.557488,84.639603
M,rush_job,10.0,B-CORE-no-graph,5,5,76.694122,8.033357,75.999835,67.368544,89.509742
M,rush_job,10.0,DCGA,5,5,70.107018,9.155648,70.863800,60.964641,82.073240
M,rush_job,10.0,GA,5,5,71.402310,7.479440,69.923915,62.168825,80.393559
M,rush_job,10.0,LNS,5,5,76.858264,8.451993,76.085803,68.569122,90.718977
M,rush_job,10.0,MOEA-NSGA2,5,5,73.408433,9.943817,70.870851,61.841918,84.307647
M,rush_job,10.0,MOR,5,5,94.050877,7.013328,91.001036,87.525776,102.547344
M,rush_job,10.0,MachineRank,5,5,88.418247,9.091640,92.247902,72.161943,92.870691
M,rush_job,10.0,SA,5,5,76.638705,7.344236,74.795937,70.084651,86.879637
M,rush_job,5.0,B-CORE,5,5,76.694122,8.033357,75.999835,67.368544,89.509742
M,rush_job,5.0,B-CORE-no-bottleneck,5,5,76.949574,4.428497,75.504564,73.557488,84.639603
M,rush_job,5.0,B-CORE-no-graph,5,5,76.694122,8.033357,75.999835,67.368544,89.509742
M,rush_job,5.0,DCGA,5,5,73.013586,10.655345,70.893290,60.446101,88.607029
M,rush_job,5.0,GA,5,5,73.395321,9.768531,72.693266,60.082561,85.013243
M,rush_job,5.0,LNS,5,5,80.136537,9.381001,80.064044,71.605839,94.481675
M,rush_job,5.0,MOEA-NSGA2,5,5,78.604002,11.980381,72.796541,68.941905,95.531645
M,rush_job,5.0,MOR,5,5,94.050877,7.013328,91.001036,87.525776,102.547344
M,rush_job,5.0,MachineRank,5,5,88.418247,9.091640,92.247902,72.161943,92.870691
M,rush_job,5.0,SA,5,5,84.147950,8.464642,80.992063,73.661310,93.643996
S,breakdown,0.1,B-CORE,5,5,49.452725,5.914642,48.026998,43.196860,59.130517
S,breakdown,0.1,B-CORE-no-bottleneck,5,5,53.290138,8.999132,53.964053,41.044529,65.101295
S,breakdown,0.1,B-CORE-no-graph,5,5,49.452725,5.914642,48.026998,43.196860,59.130517
S,breakdown,0.1,DCGA,5,5,54.788260,10.324904,53.086070,40.877758,68.798066
S,breakdown,0.1,GA,5,5,50.485453,9.412666,46.480372,42.009903,66.297476
S,breakdown,0.1,LNS,5,5,51.049166,7.817742,49.235012,40.845436,61.321005
S,breakdown,0.1,MOEA-NSGA2,5,5,49.492734,7.806067,47.021291,43.384554,63.106998
S,breakdown,0.1,MOR,5,5,61.335108,9.295286,64.205767,45.315597,68.862901
S,breakdown,0.1,MachineRank,5,5,56.361217,6.162483,58.898988,45.666051,60.809491
S,breakdown,0.1,SA,5,5,57.856650,8.709664,52.680970,50.544529,70.452721
S,breakdown,0.5,B-CORE,5,5,49.452725,5.914642,48.026998,43.196860,59.130517
S,breakdown,0.5,B-CORE-no-bottleneck,5,5,53.290138,8.999132,53.964053,41.044529,65.101295
S,breakdown,0.5,B-CORE-no-graph,5,5,49.452725,5.914642,48.026998,43.196860,59.130517
S,breakdown,0.5,DCGA,5,5,49.324380,9.204938,48.466051,40.794983,64.589648
S,breakdown,0.5,GA,5,5,48.098073,7.442373,47.021291,40.596860,60.497168
S,breakdown,0.5,LNS,5,5,50.315739,10.359725,48.986375,38.474369,67.062532
S,breakdown,0.5,MOEA-NSGA2,5,5,49.210287,8.610693,47.792672,42.408995,63.846390
S,breakdown,0.5,MOR,5,5,61.335108,9.295286,64.205767,45.315597,68.862901
S,breakdown,0.5,MachineRank,5,5,56.361217,6.162483,58.898988,45.666051,60.809491
S,breakdown,0.5,SA,5,5,53.227245,7.788959,51.394983,45.752038,65.473774
S,breakdown,1.0,B-CORE,5,5,49.452725,5.914642,48.026998,43.196860,59.130517
S,breakdown,1.0,B-CORE-no-bottleneck,5,5,53.290138,8.999132,53.964053,41.044529,65.101295
S,breakdown,1.0,B-CORE-no-graph,5,5,49.452725,5.914642,48.026998,43.196860,59.130517
S,breakdown,1.0,DCGA,5,5,46.721227,6.646815,45.966051,40.794983,57.842531
S,breakdown,1.0,GA,5,5,47.553172,7.415135,44.630517,41.280063,60.231471
S,breakdown,1.0,LNS,5,5,49.533642,9.213264,48.047524,38.474369,64.107896
S,breakdown,1.0,MOEA-NSGA2,5,5,46.490034,6.616798,45.037118,40.065143,57.544529
S,breakdown,1.0,MOR,5,5,61.335108,9.295286,64.205767,45.315597,68.862901
S,breakdown,1.0,MachineRank,5,5,56.361217,6.162483,58.898988,45.666051,60.809491
S,breakdown,1.0,SA,5,5,49.851175,10.126934,46.784245,40.094384,66.436829
S,breakdown,10.0,B-CORE,5,5,49.452725,5.914642,48.026998,43.196860,59.130517
S,breakdown,10.0,B-CORE-no-bottleneck,5,5,53.290138,8.999132,53.964053,41.044529,65.101295
S,breakdown,10.0,B-CORE-no-graph,5,5,49.452725,5.914642,48.026998,43.196860,59.130517
S,breakdown,10.0,DCGA,5,5,46.498185,4.600198,45.300677,42.366051,54.306998
S,breakdown,10.0,GA,5,5,45.605111,5.538552,43.471764,41.280063,55.006998
S,breakdown,10.0,LNS,5,5,45.943229,5.683842,43.600677,42.930517,56.080063
S,breakdown,10.0,MOEA-NSGA2,5,5,45.336064,5.969078,43.971146,41.301893,55.765143
S,breakdown,10.0,MOR,5,5,61.335108,9.295286,64.205767,45.315597,68.862901
S,breakdown,10.0,MachineRank,5,5,56.361217,6.162483,58.898988,45.666051,60.809491
S,breakdown,10.0,SA,5,5,46.002909,7.188998,43.280970,39.515597,57.752038
S,breakdown,5.0,B-CORE,5,5,49.452725,5.914642,48.026998,43.196860,59.130517
S,breakdown,5.0,B-CORE-no-bottleneck,5,5,53.290138,8.999132,53.964053,41.044529,65.101295
S,breakdown,5.0,B-CORE-no-graph,5,5,49.452725,5.914642,48.026998,43.196860,59.130517
S,breakdown,5.0,DCGA,5,5,46.498185,4.600198,45.300677,42.366051,54.306998
S,breakdown,5.0,GA,5,5,46.122890,5.131744,44.630517,41.280063,54.780063
S,breakdown,5.0,LNS,5,5,45.943229,5.683842,43.600677,42.930517,56.080063
S,breakdown,5.0,MOEA-NSGA2,5,5,45.360775,6.202958,43.403301,41.301893,56.235930
S,breakdown,5.0,MOR,5,5,61.335108,9.295286,64.205767,45.315597,68.862901
S,breakdown,5.0,MachineRank,5,5,56.361217,6.162483,58.898988,45.666051,60.809491
S,breakdown,5.0,SA,5,5,46.002909,7.188998,43.280970,39.515597,57.752038
S,mixed,0.1,B-CORE,5,5,56.553522,11.321308,61.747027,41.076999,68.736211
S,mixed,0.1,B-CORE-no-bottleneck,5,5,56.619980,12.067756,60.620995,41.076999,70.573919
S,mixed,0.1,B-CORE-no-graph,5,5,56.553522,11.321308,61.747027,41.076999,68.736211
S,mixed,0.1,DCGA,5,5,56.772481,10.601173,60.526409,44.746400,66.421600
S,mixed,0.1,GA,5,5,58.308940,10.874421,56.406080,45.565143,72.022871
S,mixed,0.1,LNS,5,5,62.381929,13.519848,61.215956,49.165143,81.089163
S,mixed,0.1,MOEA-NSGA2,5,5,58.117853,11.810074,55.847018,44.788381,71.978964
S,mixed,0.1,MOR,5,5,60.538322,6.859296,59.140706,51.294075,69.980109
S,mixed,0.1,MachineRank,5,5,59.639114,11.258858,67.076858,43.734699,68.519298
S,mixed,0.1,SA,5,5,61.515656,13.713023,70.660245,44.938237,72.518090
S,mixed,0.5,B-CORE,5,5,56.553522,11.321308,61.747027,41.076999,68.736211
S,mixed,0.5,B-CORE-no-bottleneck,5,5,56.619980,12.067756,60.620995,41.076999,70.573919
S,mixed,0.5,B-CORE-no-graph,5,5,56.553522,11.321308,61.747027,41.076999,68.736211
S,mixed,0.5,DCGA,5,5,51.721031,9.585566,51.147018,41.312533,64.800396
S,mixed,0.5,GA,5,5,52.472849,10.173692,54.785462,38.094075,64.405481
S,mixed,0.5,LNS,5,5,56.173894,12.004632,60.152712,40.341465,68.345792
S,mixed,0.5,MOEA-NSGA2,5,5,52.428042,11.495820,52.286070,39.855313,65.241609
S,mixed,0.5,MOR,5,5,60.538322,6.859296,59.140706,51.294075,69.980109
S,mixed,0.5,MachineRank,5,5,59.639114,11.258858,67.076858,43.734699,68.519298
S,mixed,0.5,SA,5,5,53.490104,9.836796,54.255622,42.065143,64.109903
S,mixed,1.0,B-CORE,5,5,56.553522,11.321308,61.747027,41.076999,68.736211
S,mixed,1.0,B-CORE-no-bottleneck,5,5,56.619980,12.067756,60.620995,41.076999,70.573919
S,mixed,1.0,B-CORE-no-graph,5,5,56.553522,11.321308,61.747027,41.076999,68.736211
S,mixed,1.0,DCGA,5,5,51.555061,9.318663,51.147018,41.076999,63.415002
S,mixed,1.0,GA,5,5,50.177831,10.308826,54.311774,35.644529,61.905481
S,mixed,1.0,LNS,5,5,52.386918,13.014337,51.147018,38.094075,70.837197
S,mixed,1.0,MOEA-NSGA2,5,5,52.746913,10.229281,53.346409,39.855313,65.311165
S,mixed,1.0,MOR,5,5,60.538322,6.859296,59.140706,51.294075,69.980109
S,mixed,1.0,MachineRank,5,5,59.639114,11.258858,67.076858,43.734699,68.519298
S,mixed,1.0,SA,5,5,55.038292,9.604790,57.182552,44.899165,64.285757
S,mixed,10.0,B-CORE,5,5,56.553522,11.321308,61.747027,41.076999,68.736211
S,mixed,10.0,B-CORE-no-bottleneck,5,5,56.619980,12.067756,60.620995,41.076999,70.573919
S,mixed,10.0,B-CORE-no-graph,5,5,56.553522,11.321308,61.747027,41.076999,68.736211
S,mixed,10.0,DCGA,5,5,48.829153,7.455331,47.396250,41.076999,57.201295
S,mixed,10.0,GA,5,5,47.377697,9.355882,47.176240,35.644529,57.936520
S,mixed,10.0,LNS,5,5,49.838194,10.572903,51.147018,35.644529,60.543126
S,mixed,10.0,MOEA-NSGA2,5,5,47.972566,9.800541,47.176240,37.565143,59.757138
S,mixed,10.0,MOR,5,5,60.538322,6.859296,59.140706,51.294075,69.980109
S,mixed,10.0,MachineRank,5,5,59.639114,11.258858,67.076858,43.734699,68.519298
S,mixed,10.0,SA,5,5,53.339857,11.150062,54.983749,39.312533,67.095342
S,mixed,5.0,B-CORE,5,5,56.553522,11.321308,61.747027,41.076999,68.736211
S,mixed,5.0,B-CORE-no-bottleneck,5,5,56.619980,12.067756,60.620995,41.076999,70.573919
S,mixed,5.0,B-CORE-no-graph,5,5,56.553522,11.321308,61.747027,41.076999,68.736211
S,mixed,5.0,DCGA,5,5,49.770292,8.927992,47.396250,41.076999,61.906989
S,mixed,5.0,GA,5,5,47.701460,9.754872,47.176240,35.644529,58.756848
S,mixed,5.0,LNS,5,5,49.838194,10.572903,51.147018,35.644529,60.543126
S,mixed,5.0,MOEA-NSGA2,5,5,47.497697,9.335312,46.341614,37.565143,57.165452
S,mixed,5.0,MOR,5,5,60.538322,6.859296,59.140706,51.294075,69.980109
S,mixed,5.0,MachineRank,5,5,59.639114,11.258858,67.076858,43.734699,68.519298
S,mixed,5.0,SA,5,5,53.339857,11.150062,54.983749,39.312533,67.095342
S,rush_job,0.1,B-CORE,5,5,51.444505,4.224213,50.393471,47.195292,57.035616
S,rush_job,0.1,B-CORE-no-bottleneck,5,5,54.933893,8.869239,54.335921,45.884245,68.057451
S,rush_job,0.1,B-CORE-no-graph,5,5,51.444505,4.224213,50.393471,47.195292,57.035616
S,rush_job,0.1,DCGA,5,5,53.895536,8.074293,55.361320,44.746400,64.787646
S,rush_job,0.1,GA,5,5,54.352987,6.115357,53.799769,46.994075,62.855064
S,rush_job,0.1,LNS,5,5,56.683795,5.413342,58.664986,48.563131,62.000073
S,rush_job,0.1,MOEA-NSGA2,5,5,53.669689,8.664745,52.256231,44.562228,67.649493
S,rush_job,0.1,MOR,5,5,61.770297,7.523076,63.299478,53.081017,71.637233
S,rush_job,0.1,MachineRank,5,5,59.385754,4.728226,58.941324,53.434699,66.679043
S,rush_job,0.1,SA,5,5,60.112542,8.260722,61.265761,50.855313,70.488849
S,rush_job,0.5,B-CORE,5,5,51.444505,4.224213,50.393471,47.195292,57.035616
S,rush_job,0.5,B-CORE-no-bottleneck,5,5,54.933893,8.869239,54.335921,45.884245,68.057451
S,rush_job,0.5,B-CORE-no-graph,5,5,51.444505,4.224213,50.393471,47.195292,57.035616
S,rush_job,0.5,DCGA,5,5,50.427145,5.296174,49.472054,44.935606,57.906998
S,rush_job,0.5,GA,5,5,50.596761,5.336537,49.040098,44.065456,57.991156
S,rush_job,0.5,LNS,5,5,50.965268,5.258219,52.426690,42.894075,56.628819
S,rush_job,0.5,MOEA-NSGA2,5,5,50.290905,5.922956,48.385462,44.744529,58.041624
S,rush_job,0.5,MOR,5,5,61.770297,7.523076,63.299478,53.081017,71.637233
S,rush_job,0.5,MachineRank,5,5,59.385754,4.728226,58.941324,53.434699,66.679043
S,rush_job,0.5,SA,5,5,52.078970,5.960491,53.530517,45.241015,59.672961
S,rush_job,1.0,B-CORE,5,5,51.444505,4.224213,50.393471,47.195292,57.035616
S,rush_job,1.0,B-CORE-no-bottleneck,5,5,54.933893,8.869239,54.335921,45.884245,68.057451
S,rush_job,1.0,B-CORE-no-graph,5,5,51.444505,4.224213,50.393471,47.195292,57.035616
S,rush_job,1.0,DCGA,5,5,48.352677,5.948769,46.700986,40.594983,56.300986
S,rush_job,1.0,GA,5,5,48.106966,5.016733,47.771764,43.100990,56.256539
S,rush_job,1.0,LNS,5,5,47.077332,4.023635,46.520088,43.765143,53.700677
S,rush_job,1.0,MOEA-NSGA2,5,5,48.511430,5.379982,48.035921,43.135303,57.363944
S,rush_job,1.0,MOR,5,5,61.770297,7.523076,63.299478,53.081017,71.637233
S,rush_job,1.0,MachineRank,5,5,59.385754,4.728226,58.941324,53.434699,66.679043
S,rush_job,1.0,SA,5,5,48.600924,6.356446,47.234699,44.229918,59.672961
S,rush_job,10.0,B-CORE,5,5,51.444505,4.224213,50.393471,47.195292,57.035616
S,rush_job,10.0,B-CORE-no-bottleneck,5,5,54.933893,8.869239,54.335921,45.884245,68.057451
S,rush_job,10.0,B-CORE-no-graph,5,5,51.444505,4.224213,50.393471,47.195292,57.035616
S,rush_job,10.0,DCGA,5,5,44.930722,3.245205,44.841609,40.594983,49.306090
S,rush_job,10.0,GA,5,5,45.163857,3.338028,44.591156,41.500990,50.421604
S,rush_job,10.0,LNS,5,5,46.724499,2.581473,46.400073,43.765143,50.666051
S,rush_job,10.0,MOEA-NSGA2,5,5,44.550286,4.133610,43.510856,39.823915,50.621604
S,rush_job,10.0,MOR,5,5,61.770297,7.523076,63.299478,53.081017,71.637233
S,rush_job,10.0,MachineRank,5,5,59.385754,4.728226,58.941324,53.434699,66.679043
S,rush_job,10.0,SA,5,5,47.298653,5.342864,45.642208,43.400677,56.450536
S,rush_job,5.0,B-CORE,5,5,51.444505,4.224213,50.393471,47.195292,57.035616
S,rush_job,5.0,B-CORE-no-bottleneck,5,5,54.933893,8.869239,54.335921,45.884245,68.057451
S,rush_job,5.0,B-CORE-no-graph,5,5,51.444505,4.224213,50.393471,47.195292,57.035616
S,rush_job,5.0,DCGA,5,5,46.215671,4.877224,45.236520,40.594983,54.005172
S,rush_job,5.0,GA,5,5,46.015149,4.344787,44.955917,41.500990,53.221917
S,rush_job,5.0,LNS,5,5,46.724499,2.581473,46.400073,43.765143,50.666051
S,rush_job,5.0,MOEA-NSGA2,5,5,44.928622,3.920596,43.510856,40.594983,50.900677
S,rush_job,5.0,MOR,5,5,61.770297,7.523076,63.299478,53.081017,71.637233
S,rush_job,5.0,MachineRank,5,5,59.385754,4.728226,58.941324,53.434699,66.679043
S,rush_job,5.0,SA,5,5,47.298653,5.342864,45.642208,43.400677,56.450536
