scale,event_type,budget_sec,algorithm,mean_makespan,mean_p95_latency,mean_objective
L,breakdown,0.1,B-CORE,154.552265,0.000514,154.552265
L,breakdown,0.1,B-CORE-no-bottleneck,166.438735,0.000509,166.438735
L,breakdown,0.1,B-CORE-no-graph,154.552265,0.000567,154.552265
L,breakdown,0.1,DCGA,230.343909,0.171599,230.343909
L,breakdown,0.1,GA,226.607474,0.172316,226.607474
L,breakdown,0.1,LNS,235.084570,0.175122,235.084570
L,breakdown,0.1,MOEA-NSGA2,216.469276,1.114345,216.469276
L,breakdown,0.1,MOR,189.499626,0.000020,189.499626
L,breakdown,0.1,MachineRank,206.196293,0.000280,206.196293
L,breakdown,0.1,SA,226.493592,0.169505,226.493592
L,breakdown,0.5,B-CORE,154.552265,0.000501,154.552265
L,breakdown,0.5,B-CORE-no-bottleneck,166.438735,0.000507,166.438735
L,breakdown,0.5,B-CORE-no-graph,154.552265,0.000474,154.552265
L,breakdown,0.5,DCGA,216.770029,0.557341,216.770029
L,breakdown,0.5,GA,212.066645,0.541012,212.066645
L,breakdown,0.5,LNS,224.974419,0.559495,224.974419
L,breakdown,0.5,MOEA-NSGA2,216.469276,0.985954,216.469276
L,breakdown,0.5,MOR,189.499626,0.000016,189.499626
L,breakdown,0.5,MachineRank,206.196293,0.000206,206.196293
L,breakdown,0.5,SA,218.448731,0.575994,218.448731
L,breakdown,1.0,B-CORE,154.552265,0.000497,154.552265
L,breakdown,1.0,B-CORE-no-bottleneck,166.438735,0.000565,166.438735
L,breakdown,1.0,B-CORE-no-graph,154.552265,0.000470,154.552265
L,breakdown,1.0,DCGA,210.617111,1.066857,210.617111
L,breakdown,1.0,GA,215.204922,1.077672,215.204922
L,breakdown,1.0,LNS,219.403372,1.071778,219.403372
L,breakdown,1.0,MOEA-NSGA2,215.342534,1.089686,215.342534
L,breakdown,1.0,MOR,189.499626,0.000018,189.499626
L,breakdown,1.0,MachineRank,206.196293,0.000204,206.196293
L,breakdown,1.0,SA,216.274309,1.090773,216.274309
L,breakdown,10.0,B-CORE,154.552265,0.000474,154.552265
L,breakdown,10.0,B-CORE-no-bottleneck,166.438735,0.000459,166.438735
L,breakdown,10.0,B-CORE-no-graph,154.552265,0.000485,154.552265
L,breakdown,10.0,DCGA,194.508274,10.057761,194.508274
L,breakdown,10.0,GA,194.198439,10.048621,194.198439
L,breakdown,10.0,LNS,199.724151,10.057914,199.724151
L,breakdown,10.0,MOEA-NSGA2,192.207164,10.048598,192.207164
L,breakdown,10.0,MOR,189.499626,0.000016,189.499626
L,breakdown,10.0,MachineRank,206.196293,0.000233,206.196293
L,breakdown,10.0,SA,207.263684,10.065692,207.263684
L,breakdown,5.0,B-CORE,154.552265,0.000491,154.552265
L,breakdown,5.0,B-CORE-no-bottleneck,166.438735,0.000430,166.438735
L,breakdown,5.0,B-CORE-no-graph,154.552265,0.000474,154.552265
L,breakdown,5.0,DCGA,202.134459,5.055957,202.134459
L,breakdown,5.0,GA,196.412203,5.058131,196.412203
L,breakdown,5.0,LNS,205.814345,5.045116,205.814345
L,breakdown,5.0,MOEA-NSGA2,196.650042,5.043876,196.650042
L,breakdown,5.0,MOR,189.499626,0.000024,189.499626
L,breakdown,5.0,MachineRank,206.196293,0.000218,206.196293
L,breakdown,5.0,SA,209.142744,5.055355,209.142744
L,mixed,0.1,B-CORE,153.290501,0.000470,153.290501
L,mixed,0.1,B-CORE-no-bottleneck,166.345244,0.000506,166.345244
L,mixed,0.1,B-CORE-no-graph,153.290501,0.000494,153.290501
L,mixed,0.1,DCGA,221.542431,0.170652,221.542431
L,mixed,0.1,GA,229.585809,0.170098,229.585809
L,mixed,0.1,LNS,236.937471,0.170857,236.937471
L,mixed,0.1,MOEA-NSGA2,222.803375,1.013432,222.803375
L,mixed,0.1,MOR,204.856379,0.000020,204.856379
L,mixed,0.1,MachineRank,208.199354,0.000234,208.199354
L,mixed,0.1,SA,225.228330,0.169414,225.228330
L,mixed,0.5,B-CORE,153.290501,0.000531,153.290501
L,mixed,0.5,B-CORE-no-bottleneck,166.345244,0.000530,166.345244
L,mixed,0.5,B-CORE-no-graph,153.290501,0.000491,153.290501
L,mixed,0.5,DCGA,214.209236,0.565698,214.209236
L,mixed,0.5,GA,224.059959,0.553874,224.059959
L,mixed,0.5,LNS,224.858380,0.558541,224.858380
L,mixed,0.5,MOEA-NSGA2,222.803375,1.011136,222.803375
L,mixed,0.5,MOR,204.856379,0.000021,204.856379
L,mixed,0.5,MachineRank,208.199354,0.000249,208.199354
L,mixed,0.5,SA,223.661473,0.563521,223.661473
L,mixed,1.0,B-CORE,153.290501,0.000497,153.290501
L,mixed,1.0,B-CORE-no-bottleneck,166.345244,0.000527,166.345244
L,mixed,1.0,B-CORE-no-graph,153.290501,0.000494,153.290501
L,mixed,1.0,DCGA,215.499172,1.066375,215.499172
L,mixed,1.0,GA,222.470249,1.056027,222.470249
L,mixed,1.0,LNS,222.138579,1.060894,222.138579
L,mixed,1.0,MOEA-NSGA2,222.803375,1.069931,222.803375
L,mixed,1.0,MOR,204.856379,0.000023,204.856379
L,mixed,1.0,MachineRank,208.199354,0.000245,208.199354
L,mixed,1.0,SA,220.117509,1.064071,220.117509
L,mixed,10.0,B-CORE,153.290501,0.000525,153.290501
L,mixed,10.0,B-CORE-no-bottleneck,166.345244,0.000512,166.345244
L,mixed,10.0,B-CORE-no-graph,153.290501,0.000513,153.290501
L,mixed,10.0,DCGA,192.237438,10.055941,192.237438
L,mixed,10.0,GA,192.761422,10.054264,192.761422
L,mixed,10.0,LNS,199.506814,10.054701,199.506814
L,mixed,10.0,MOEA-NSGA2,195.848383,10.062693,195.848383
L,mixed,10.0,MOR,204.856379,0.000018,204.856379
L,mixed,10.0,MachineRank,208.199354,0.000270,208.199354
L,mixed,10.0,SA,207.722035,10.065310,207.722035
L,mixed,5.0,B-CORE,153.290501,0.000485,153.290501
L,mixed,5.0,B-CORE-no-bottleneck,166.345244,0.000534,166.345244
L,mixed,5.0,B-CORE-no-graph,153.290501,0.000496,153.290501
L,mixed,5.0,DCGA,199.550697,5.058559,199.550697
L,mixed,5.0,GA,199.002586,5.063767,199.002586
L,mixed,5.0,LNS,205.559833,5.053919,205.559833
L,mixed,5.0,MOEA-NSGA2,200.353457,5.067915,200.353457
L,mixed,5.0,MOR,204.856379,0.000019,204.856379
L,mixed,5.0,MachineRank,208.199354,0.000252,208.199354
L,mixed,5.0,SA,216.572130,5.045622,216.572130
L,rush_job,0.1,B-CORE,156.794004,0.000556,156.794004
L,rush_job,0.1,B-CORE-no-bottleneck,167.094553,0.000711,167.094553
L,rush_job,0.1,B-CORE-no-graph,156.794004,0.000509,156.794004
L,rush_job,0.1,DCGA,232.765840,0.158718,232.765840
L,rush_job,0.1,GA,239.230215,0.156681,239.230215
L,rush_job,0.1,LNS,239.369105,0.156220,239.369105
L,rush_job,0.1,MOEA-NSGA2,212.632458,0.956961,212.632458
L,rush_job,0.1,MOR,213.526372,0.000020,213.526372
L,rush_job,0.1,MachineRank,213.318076,0.000274,213.318076
L,rush_job,0.1,SA,247.336636,0.155819,247.336636
L,rush_job,0.5,B-CORE,156.794004,0.000518,156.794004
L,rush_job,0.5,B-CORE-no-bottleneck,167.094553,0.000506,167.094553
L,rush_job,0.5,B-CORE-no-graph,156.794004,0.000447,156.794004
L,rush_job,0.5,DCGA,224.388503,0.565426,224.388503
L,rush_job,0.5,GA,216.051881,0.555892,216.051881
L,rush_job,0.5,LNS,225.418358,0.557202,225.418358
L,rush_job,0.5,MOEA-NSGA2,212.632458,0.980055,212.632458
L,rush_job,0.5,MOR,213.526372,0.000016,213.526372
L,rush_job,0.5,MachineRank,213.318076,0.000269,213.318076
L,rush_job,0.5,SA,236.772667,0.556219,236.772667
L,rush_job,1.0,B-CORE,156.794004,0.000493,156.794004
L,rush_job,1.0,B-CORE-no-bottleneck,167.094553,0.000481,167.094553
L,rush_job,1.0,B-CORE-no-graph,156.794004,0.000559,156.794004
L,rush_job,1.0,DCGA,216.394458,1.061105,216.394458
L,rush_job,1.0,GA,213.907632,1.060330,213.907632
L,rush_job,1.0,LNS,219.296467,1.052029,219.296467
L,rush_job,1.0,MOEA-NSGA2,209.163837,1.066002,209.163837
L,rush_job,1.0,MOR,213.526372,0.000018,213.526372
L,rush_job,1.0,MachineRank,213.318076,0.000248,213.318076
L,rush_job,1.0,SA,233.181589,1.054334,233.181589
L,rush_job,10.0,B-CORE,156.794004,0.000541,156.794004
L,rush_job,10.0,B-CORE-no-bottleneck,167.094553,0.000514,167.094553
L,rush_job,10.0,B-CORE-no-graph,156.794004,0.000528,156.794004
L,rush_job,10.0,DCGA,193.209219,10.059058,193.209219
L,rush_job,10.0,GA,191.996568,10.062530,191.996568
L,rush_job,10.0,LNS,201.026839,10.065057,201.026839
L,rush_job,10.0,MOEA-NSGA2,197.113815,10.060844,197.113815
L,rush_job,10.0,MOR,213.526372,0.000018,213.526372
L,rush_job,10.0,MachineRank,213.318076,0.000293,213.318076
L,rush_job,10.0,SA,211.379793,10.053153,211.379793
L,rush_job,5.0,B-CORE,156.794004,0.000486,156.794004
L,rush_job,5.0,B-CORE-no-bottleneck,167.094553,0.000461,167.094553
L,rush_job,5.0,B-CORE-no-graph,156.794004,0.000523,156.794004
L,rush_job,5.0,DCGA,192.218615,5.047835,192.218615
L,rush_job,5.0,GA,200.412662,5.040432,200.412662
L,rush_job,5.0,LNS,204.705922,5.066611,204.705922
L,rush_job,5.0,MOEA-NSGA2,200.954889,5.060501,200.954889
L,rush_job,5.0,MOR,213.526372,0.000020,213.526372
L,rush_job,5.0,MachineRank,213.318076,0.000261,213.318076
L,rush_job,5.0,SA,221.271887,5.053216,221.271887
M,breakdown,0.1,B-CORE,79.011724,0.000308,79.011724
M,breakdown,0.1,B-CORE-no-bottleneck,80.926509,0.000265,80.926509
M,breakdown,0.1,B-CORE-no-graph,79.011724,0.000365,79.011724
M,breakdown,0.1,DCGA,92.511548,0.112709,92.511548
M,breakdown,0.1,GA,97.272909,0.114716,97.272909
M,breakdown,0.1,LNS,102.493970,0.113264,102.493970
M,breakdown,0.1,MOEA-NSGA2,93.833761,0.229621,93.833761
M,breakdown,0.1,MOR,100.057937,0.000009,100.057937
M,breakdown,0.1,MachineRank,93.990849,0.000122,93.990849
M,breakdown,0.1,SA,96.690033,0.110648,96.690033
M,breakdown,0.5,B-CORE,79.011724,0.000305,79.011724
M,breakdown,0.5,B-CORE-no-bottleneck,80.926509,0.000313,80.926509
M,breakdown,0.5,B-CORE-no-graph,79.011724,0.000321,79.011724
M,breakdown,0.5,DCGA,86.343836,0.514357,86.343836
M,breakdown,0.5,GA,88.707432,0.513717,88.707432
M,breakdown,0.5,LNS,89.246634,0.511865,89.246634
M,breakdown,0.5,MOEA-NSGA2,90.473519,0.513497,90.473519
M,breakdown,0.5,MOR,100.057937,0.000009,100.057937
M,breakdown,0.5,MachineRank,93.990849,0.000131,93.990849
M,breakdown,0.5,SA,92.051286,0.513425,92.051286
M,breakdown,1.0,B-CORE,79.011724,0.000325,79.011724
M,breakdown,1.0,B-CORE-no-bottleneck,80.926509,0.000314,80.926509
M,breakdown,1.0,B-CORE-no-graph,79.011724,0.000351,79.011724
M,breakdown,1.0,DCGA,81.359717,1.015318,81.359717
M,breakdown,1.0,GA,84.397188,1.013504,84.397188
M,breakdown,1.0,LNS,87.392692,1.012300,87.392692
M,breakdown,1.0,MOEA-NSGA2,84.393312,1.014167,84.393312
M,breakdown,1.0,MOR,100.057937,0.000009,100.057937
M,breakdown,1.0,MachineRank,93.990849,0.000121,93.990849
M,breakdown,1.0,SA,91.114487,1.015521,91.114487
M,breakdown,10.0,B-CORE,79.011724,0.000315,79.011724
M,breakdown,10.0,B-CORE-no-bottleneck,80.926509,0.000318,80.926509
M,breakdown,10.0,B-CORE-no-graph,79.011724,0.000334,79.011724
M,breakdown,10.0,DCGA,72.621161,10.014325,72.621161
M,breakdown,10.0,GA,74.801615,10.011727,74.801615
M,breakdown,10.0,LNS,77.304275,9.383137,77.304275
M,breakdown,10.0,MOEA-NSGA2,73.535758,10.012056,73.535758
M,breakdown,10.0,MOR,100.057937,0.000010,100.057937
M,breakdown,10.0,MachineRank,93.990849,0.000117,93.990849
M,breakdown,10.0,SA,85.895229,9.370522,85.895229
M,breakdown,5.0,B-CORE,79.011724,0.000333,79.011724
M,breakdown,5.0,B-CORE-no-bottleneck,80.926509,0.000317,80.926509
M,breakdown,5.0,B-CORE-no-graph,79.011724,0.000322,79.011724
M,breakdown,5.0,DCGA,75.320454,5.013359,75.320454
M,breakdown,5.0,GA,79.569180,5.015491,79.569180
M,breakdown,5.0,LNS,78.767463,5.013692,78.767463
M,breakdown,5.0,MOEA-NSGA2,77.256190,5.008764,77.256190
M,breakdown,5.0,MOR,100.057937,0.000010,100.057937
M,breakdown,5.0,MachineRank,93.990849,0.000119,93.990849
M,breakdown,5.0,SA,85.182617,5.010813,85.182617
M,mixed,0.1,B-CORE,76.361847,0.000303,76.361847
M,mixed,0.1,B-CORE-no-bottleneck,75.433679,0.000335,75.433679
M,mixed,0.1,B-CORE-no-graph,76.361847,0.001244,76.361847
M,mixed,0.1,DCGA,97.163049,0.112366,97.163049
M,mixed,0.1,GA,96.954900,0.114417,96.954900
M,mixed,0.1,LNS,95.353080,0.111173,95.353080
M,mixed,0.1,MOEA-NSGA2,95.806748,0.226213,95.806748
M,mixed,0.1,MOR,98.688375,0.000011,98.688375
M,mixed,0.1,MachineRank,88.486920,0.000132,88.486920
M,mixed,0.1,SA,96.019180,0.111715,96.019180
M,mixed,0.5,B-CORE,76.361847,0.000310,76.361847
M,mixed,0.5,B-CORE-no-bottleneck,75.433679,0.000331,75.433679
M,mixed,0.5,B-CORE-no-graph,76.361847,0.000324,76.361847
M,mixed,0.5,DCGA,87.214352,0.516306,87.214352
M,mixed,0.5,GA,89.518640,0.517371,89.518640
M,mixed,0.5,LNS,85.285213,0.513982,85.285213
M,mixed,0.5,MOEA-NSGA2,87.436834,0.515705,87.436834
M,mixed,0.5,MOR,98.688375,0.000010,98.688375
M,mixed,0.5,MachineRank,88.486920,0.000126,88.486920
M,mixed,0.5,SA,94.583753,0.514400,94.583753
M,mixed,1.0,B-CORE,76.361847,0.000332,76.361847
M,mixed,1.0,B-CORE-no-bottleneck,75.433679,0.000325,75.433679
M,mixed,1.0,B-CORE-no-graph,76.361847,0.000326,76.361847
M,mixed,1.0,DCGA,77.606726,1.013398,77.606726
M,mixed,1.0,GA,84.921445,1.011540,84.921445
M,mixed,1.0,LNS,83.405408,1.014109,83.405408
M,mixed,1.0,MOEA-NSGA2,81.352228,1.016981,81.352228
M,mixed,1.0,MOR,98.688375,0.000010,98.688375
M,mixed,1.0,MachineRank,88.486920,0.000131,88.486920
M,mixed,1.0,SA,89.632162,1.014921,89.632162
M,mixed,10.0,B-CORE,76.361847,0.000280,76.361847
M,mixed,10.0,B-CORE-no-bottleneck,75.433679,0.000261,75.433679
M,mixed,10.0,B-CORE-no-graph,76.361847,0.000276,76.361847
M,mixed,10.0,DCGA,68.736510,10.015018,68.736510
M,mixed,10.0,GA,70.631491,10.013758,70.631491
M,mixed,10.0,LNS,74.615762,9.386079,74.615762
M,mixed,10.0,MOEA-NSGA2,72.859098,10.011857,72.859098
M,mixed,10.0,MOR,98.688375,0.000009,98.688375
M,mixed,10.0,MachineRank,88.486920,0.000120,88.486920
M,mixed,10.0,SA,79.624633,9.452957,79.624633
M,mixed,5.0,B-CORE,76.361847,0.000312,76.361847
M,mixed,5.0,B-CORE-no-bottleneck,75.433679,0.000310,75.433679
M,mixed,5.0,B-CORE-no-graph,76.361847,0.000308,76.361847
M,mixed,5.0,DCGA,73.947374,5.011572,73.947374
M,mixed,5.0,GA,75.538567,5.013440,75.538567
M,mixed,5.0,LNS,75.986840,5.012547,75.986840
M,mixed,5.0,MOEA-NSGA2,76.450920,5.015794,76.450920
M,mixed,5.0,MOR,98.688375,0.000011,98.688375
M,mixed,5.0,MachineRank,88.486920,0.000120,88.486920
M,mixed,5.0,SA,85.906452,5.009101,85.906452
M,rush_job,0.1,B-CORE,76.694122,0.000277,76.694122
M,rush_job,0.1,B-CORE-no-bottleneck,76.949574,0.000269,76.949574
M,rush_job,0.1,B-CORE-no-graph,76.694122,0.000286,76.694122
M,rush_job,0.1,DCGA,93.612454,0.109825,93.612454
M,rush_job,0.1,GA,99.397980,0.111097,99.397980
M,rush_job,0.1,LNS,93.352261,0.113686,93.352261
M,rush_job,0.1,MOEA-NSGA2,88.817710,0.222086,88.817710
M,rush_job,0.1,MOR,94.050877,0.000010,94.050877
M,rush_job,0.1,MachineRank,88.418247,0.000097,88.418247
M,rush_job,0.1,SA,98.912527,0.113845,98.912527
M,rush_job,0.5,B-CORE,76.694122,0.000328,76.694122
M,rush_job,0.5,B-CORE-no-bottleneck,76.949574,0.000281,76.949574
M,rush_job,0.5,B-CORE-no-graph,76.694122,0.000330,76.694122
M,rush_job,0.5,DCGA,85.083261,0.510256,85.083261
M,rush_job,0.5,GA,87.390904,0.510412,87.390904
M,rush_job,0.5,LNS,86.188499,0.512508,86.188499
M,rush_job,0.5,MOEA-NSGA2,86.648270,0.517194,86.648270
M,rush_job,0.5,MOR,94.050877,0.000010,94.050877
M,rush_job,0.5,MachineRank,88.418247,0.000094,88.418247
M,rush_job,0.5,SA,94.792100,0.515520,94.792100
M,rush_job,1.0,B-CORE,76.694122,0.000279,76.694122
M,rush_job,1.0,B-CORE-no-bottleneck,76.949574,0.000272,76.949574
M,rush_job,1.0,B-CORE-no-graph,76.694122,0.000331,76.694122
M,rush_job,1.0,DCGA,81.361320,1.012278,81.361320
M,rush_job,1.0,GA,81.236341,1.015535,81.236341
M,rush_job,1.0,LNS,83.638666,1.011456,83.638666
M,rush_job,1.0,MOEA-NSGA2,83.151759,1.013402,83.151759
M,rush_job,1.0,MOR,94.050877,0.000009,94.050877
M,rush_job,1.0,MachineRank,88.418247,0.000084,88.418247
M,rush_job,1.0,SA,88.929477,1.014035,88.929477
M,rush_job,10.0,B-CORE,76.694122,0.000328,76.694122
M,rush_job,10.0,B-CORE-no-bottleneck,76.949574,0.000293,76.949574
M,rush_job,10.0,B-CORE-no-graph,76.694122,0.000339,76.694122
M,rush_job,10.0,DCGA,70.107018,10.011658,70.107018
M,rush_job,10.0,GA,71.402310,10.010914,71.402310
M,rush_job,10.0,LNS,76.858264,9.216426,76.858264
M,rush_job,10.0,MOEA-NSGA2,73.408433,10.014234,73.408433
M,rush_job,10.0,MOR,94.050877,0.000010,94.050877
M,rush_job,10.0,MachineRank,88.418247,0.000094,88.418247
M,rush_job,10.0,SA,76.638705,9.125233,76.638705
M,rush_job,5.0,B-CORE,76.694122,0.000329,76.694122
M,rush_job,5.0,B-CORE-no-bottleneck,76.949574,0.000324,76.949574
M,rush_job,5.0,B-CORE-no-graph,76.694122,0.000329,76.694122
M,rush_job,5.0,DCGA,73.013586,5.014504,73.013586
M,rush_job,5.0,GA,73.395321,5.011404,73.395321
M,rush_job,5.0,LNS,80.136537,5.012105,80.136537
M,rush_job,5.0,MOEA-NSGA2,78.604002,5.011103,78.604002
M,rush_job,5.0,MOR,94.050877,0.000010,94.050877
M,rush_job,5.0,MachineRank,88.418247,0.000091,88.418247
M,rush_job,5.0,SA,84.147950,5.010871,84.147950
S,breakdown,0.1,B-CORE,49.452725,0.000203,49.452725
S,breakdown,0.1,B-CORE-no-bottleneck,53.290138,0.000177,53.290138
S,breakdown,0.1,B-CORE-no-graph,49.452725,0.000223,49.452725
S,breakdown,0.1,DCGA,54.788260,0.104094,54.788260
S,breakdown,0.1,GA,50.485453,0.103202,50.485453
S,breakdown,0.1,LNS,51.049166,0.103709,51.049166
S,breakdown,0.1,MOEA-NSGA2,49.492734,0.103853,49.492734
S,breakdown,0.1,MOR,61.335108,0.000007,61.335108
S,breakdown,0.1,MachineRank,56.361217,0.000062,56.361217
S,breakdown,0.1,SA,57.856650,0.102868,57.856650
S,breakdown,0.5,B-CORE,49.452725,0.000239,49.452725
S,breakdown,0.5,B-CORE-no-bottleneck,53.290138,0.000224,53.290138
S,breakdown,0.5,B-CORE-no-graph,49.452725,0.000237,49.452725
S,breakdown,0.5,DCGA,49.324380,0.503514,49.324380
S,breakdown,0.5,GA,48.098073,0.503755,48.098073
S,breakdown,0.5,LNS,50.315739,0.503955,50.315739
S,breakdown,0.5,MOEA-NSGA2,49.210287,0.503578,49.210287
S,breakdown,0.5,MOR,61.335108,0.000008,61.335108
S,breakdown,0.5,MachineRank,56.361217,0.000068,56.361217
S,breakdown,0.5,SA,53.227245,0.503246,53.227245
S,breakdown,1.0,B-CORE,49.452725,0.000221,49.452725
S,breakdown,1.0,B-CORE-no-bottleneck,53.290138,0.000211,53.290138
S,breakdown,1.0,B-CORE-no-graph,49.452725,0.000219,49.452725
S,breakdown,1.0,DCGA,46.721227,1.003989,46.721227
S,breakdown,1.0,GA,47.553172,1.002256,47.553172
S,breakdown,1.0,LNS,49.533642,1.002465,49.533642
S,breakdown,1.0,MOEA-NSGA2,46.490034,1.004137,46.490034
S,breakdown,1.0,MOR,61.335108,0.000008,61.335108
S,breakdown,1.0,MachineRank,56.361217,0.000067,56.361217
S,breakdown,1.0,SA,49.851175,1.003215,49.851175
S,breakdown,10.0,B-CORE,49.452725,0.000264,49.452725
S,breakdown,10.0,B-CORE-no-bottleneck,53.290138,0.000207,53.290138
S,breakdown,10.0,B-CORE-no-graph,49.452725,0.000213,49.452725
S,breakdown,10.0,DCGA,46.498185,9.995047,46.498185
S,breakdown,10.0,GA,45.605111,10.003209,45.605111
S,breakdown,10.0,LNS,45.943229,2.744779,45.943229
S,breakdown,10.0,MOEA-NSGA2,45.336064,10.004035,45.336064
S,breakdown,10.0,MOR,61.335108,0.000007,61.335108
S,breakdown,10.0,MachineRank,56.361217,0.000072,56.361217
S,breakdown,10.0,SA,46.002909,2.828958,46.002909
S,breakdown,5.0,B-CORE,49.452725,0.000233,49.452725
S,breakdown,5.0,B-CORE-no-bottleneck,53.290138,0.000231,53.290138
S,breakdown,5.0,B-CORE-no-graph,49.452725,0.000254,49.452725
S,breakdown,5.0,DCGA,46.498185,5.003178,46.498185
S,breakdown,5.0,GA,46.122890,5.004214,46.122890
S,breakdown,5.0,LNS,45.943229,2.815724,45.943229
S,breakdown,5.0,MOEA-NSGA2,45.360775,5.003623,45.360775
S,breakdown,5.0,MOR,61.335108,0.000009,61.335108
S,breakdown,5.0,MachineRank,56.361217,0.000073,56.361217
S,breakdown,5.0,SA,46.002909,2.710988,46.002909
S,mixed,0.1,B-CORE,56.553522,0.000238,56.553522
S,mixed,0.1,B-CORE-no-bottleneck,56.619980,0.000222,56.619980
S,mixed,0.1,B-CORE-no-graph,56.553522,0.000231,56.553522
S,mixed,0.1,DCGA,56.772481,0.105071,56.772481
S,mixed,0.1,GA,58.308940,0.104007,58.308940
S,mixed,0.1,LNS,62.381929,0.102626,62.381929
S,mixed,0.1,MOEA-NSGA2,58.117853,0.104617,58.117853
S,mixed,0.1,MOR,60.538322,0.000009,60.538322
S,mixed,0.1,MachineRank,59.639114,0.000056,59.639114
S,mixed,0.1,SA,61.515656,0.103902,61.515656
S,mixed,0.5,B-CORE,56.553522,0.000261,56.553522
S,mixed,0.5,B-CORE-no-bottleneck,56.619980,0.000257,56.619980
S,mixed,0.5,B-CORE-no-graph,56.553522,0.000245,56.553522
S,mixed,0.5,DCGA,51.721031,0.504076,51.721031
S,mixed,0.5,GA,52.472849,0.504225,52.472849
S,mixed,0.5,LNS,56.173894,0.504496,56.173894
S,mixed,0.5,MOEA-NSGA2,52.428042,0.504743,52.428042
S,mixed,0.5,MOR,60.538322,0.000010,60.538322
S,mixed,0.5,MachineRank,59.639114,0.000064,59.639114
S,mixed,0.5,SA,53.490104,0.503188,53.490104
S,mixed,1.0,B-CORE,56.553522,0.000213,56.553522
S,mixed,1.0,B-CORE-no-bottleneck,56.619980,0.000211,56.619980
S,mixed,1.0,B-CORE-no-graph,56.553522,0.000222,56.553522
S,mixed,1.0,DCGA,51.555061,1.004264,51.555061
S,mixed,1.0,GA,50.177831,1.004777,50.177831
S,mixed,1.0,LNS,52.386918,1.003016,52.386918
S,mixed,1.0,MOEA-NSGA2,52.746913,1.003719,52.746913
S,mixed,1.0,MOR,60.538322,0.000009,60.538322
S,mixed,1.0,MachineRank,59.639114,0.000057,59.639114
S,mixed,1.0,SA,55.038292,1.004884,55.038292
S,mixed,10.0,B-CORE,56.553522,0.000262,56.553522
S,mixed,10.0,B-CORE-no-bottleneck,56.619980,0.000216,56.619980
S,mixed,10.0,B-CORE-no-graph,56.553522,0.000219,56.553522
S,mixed,10.0,DCGA,48.829153,9.983965,48.829153
S,mixed,10.0,GA,47.377697,9.996427,47.377697
S,mixed,10.0,LNS,49.838194,2.820888,49.838194
S,mixed,10.0,MOEA-NSGA2,47.972566,10.003362,47.972566
S,mixed,10.0,MOR,60.538322,0.000009,60.538322
S,mixed,10.0,MachineRank,59.639114,0.000057,59.639114
S,mixed,10.0,SA,53.339857,2.821129,53.339857
S,mixed,5.0,B-CORE,56.553522,0.000258,56.553522
S,mixed,5.0,B-CORE-no-bottleneck,56.619980,0.000255,56.619980
S,mixed,5.0,B-CORE-no-graph,56.553522,0.000255,56.553522
S,mixed,5.0,DCGA,49.770292,5.003836,49.770292
S,mixed,5.0,GA,47.701460,5.004045,47.701460
S,mixed,5.0,LNS,49.838194,2.789881,49.838194
S,mixed,5.0,MOEA-NSGA2,47.497697,5.004048,47.497697
S,mixed,5.0,MOR,60.538322,0.000009,60.538322
S,mixed,5.0,MachineRank,59.639114,0.000066,59.639114
S,mixed,5.0,SA,53.339857,2.782998,53.339857
S,rush_job,0.1,B-CORE,51.444505,0.000246,51.444505
S,rush_job,0.1,B-CORE-no-bottleneck,54.933893,0.000240,54.933893
S,rush_job,0.1,B-CORE-no-graph,51.444505,0.000246,51.444505
S,rush_job,0.1,DCGA,53.895536,0.103811,53.895536
S,rush_job,0.1,GA,54.352987,0.103802,54.352987
S,rush_job,0.1,LNS,56.683795,0.103831,56.683795
S,rush_job,0.1,MOEA-NSGA2,53.669689,0.103989,53.669689
S,rush_job,0.1,MOR,61.770297,0.000009,61.770297
S,rush_job,0.1,MachineRank,59.385754,0.000058,59.385754
S,rush_job,0.1,SA,60.112542,0.104291,60.112542
S,rush_job,0.5,B-CORE,51.444505,0.000257,51.444505
S,rush_job,0.5,B-CORE-no-bottleneck,54.933893,0.000238,54.933893
S,rush_job,0.5,B-CORE-no-graph,51.444505,0.000267,51.444505
S,rush_job,0.5,DCGA,50.427145,0.503678,50.427145
S,rush_job,0.5,GA,50.596761,0.504720,50.596761
S,rush_job,0.5,LNS,50.965268,0.503649,50.965268
S,rush_job,0.5,MOEA-NSGA2,50.290905,0.504581,50.290905
S,rush_job,0.5,MOR,61.770297,0.000013,61.770297
S,rush_job,0.5,MachineRank,59.385754,0.000057,59.385754
S,rush_job,0.5,SA,52.078970,0.503385,52.078970
S,rush_job,1.0,B-CORE,51.444505,0.000264,51.444505
S,rush_job,1.0,B-CORE-no-bottleneck,54.933893,0.000244,54.933893
S,rush_job,1.0,B-CORE-no-graph,51.444505,0.000228,51.444505
S,rush_job,1.0,DCGA,48.352677,1.003819,48.352677
S,rush_job,1.0,GA,48.106966,1.003672,48.106966
S,rush_job,1.0,LNS,47.077332,1.003484,47.077332
S,rush_job,1.0,MOEA-NSGA2,48.511430,1.003849,48.511430
S,rush_job,1.0,MOR,61.770297,0.000008,61.770297
S,rush_job,1.0,MachineRank,59.385754,0.000056,59.385754
S,rush_job,1.0,SA,48.600924,1.004181,48.600924
S,rush_job,10.0,B-CORE,51.444505,0.000246,51.444505
S,rush_job,10.0,B-CORE-no-bottleneck,54.933893,0.000253,54.933893
S,rush_job,10.0,B-CORE-no-graph,51.444505,0.000263,51.444505
S,rush_job,10.0,DCGA,44.930722,9.998631,44.930722
S,rush_job,10.0,GA,45.163857,10.003290,45.163857
S,rush_job,10.0,LNS,46.724499,2.630028,46.724499
S,rush_job,10.0,MOEA-NSGA2,44.550286,10.003575,44.550286
S,rush_job,10.0,MOR,61.770297,0.000009,61.770297
S,rush_job,10.0,MachineRank,59.385754,0.000060,59.385754
S,rush_job,10.0,SA,47.298653,2.595771,47.298653
S,rush_job,5.0,B-CORE,51.444505,0.000222,51.444505
S,rush_job,5.0,B-CORE-no-bottleneck,54.933893,0.000224,54.933893
S,rush_job,5.0,B-CORE-no-graph,51.444505,0.000209,51.444505
S,rush_job,5.0,DCGA,46.215671,5.002845,46.215671
S,rush_job,5.0,GA,46.015149,5.002743,46.015149
S,rush_job,5.0,LNS,46.724499,2.685902,46.724499
S,rush_job,5.0,MOEA-NSGA2,44.928622,5.004037,44.928622
S,rush_job,5.0,MOR,61.770297,0.000010,61.770297
S,rush_job,5.0,MachineRank,59.385754,0.000055,59.385754
S,rush_job,5.0,SA,47.298653,2.624193,47.298653
