scale,event_type,budget_sec,algorithm,n_rows,solved_rate,objective_mean,objective_std,objective_median,makespan_mean,makespan_std,latency_p95_mean
L,breakdown,0.1,B-CORE,5,1.000000,154.552265,9.712703,149.947894,154.552265,9.712703,0.000514
L,breakdown,0.1,B-CORE-no-bottleneck,5,1.000000,166.438735,9.452381,169.065726,166.438735,9.452381,0.000509
L,breakdown,0.1,B-CORE-no-graph,5,1.000000,154.552265,9.712703,149.947894,154.552265,9.712703,0.000567
L,breakdown,0.1,DCGA,5,1.000000,230.343909,15.508822,225.034805,230.343909,15.508822,0.171599
L,breakdown,0.1,GA,5,1.000000,226.607474,12.495829,224.099162,226.607474,12.495829,0.172316
L,breakdown,0.1,LNS,5,1.000000,235.084570,20.277981,225.034805,235.084570,20.277981,0.175122
L,breakdown,0.1,MOEA-NSGA2,5,1.000000,216.469276,7.375094,218.706450,216.469276,7.375094,1.114345
L,breakdown,0.1,MOR,5,1.000000,189.499626,18.298296,191.158843,189.499626,18.298296,0.000020
L,breakdown,0.1,MachineRank,5,1.000000,206.196293,11.877499,201.415838,206.196293,11.877499,0.000280
L,breakdown,0.1,SA,5,1.000000,226.493592,14.290395,226.637234,226.493592,14.290395,0.169505
L,breakdown,0.5,B-CORE,5,1.000000,154.552265,9.712703,149.947894,154.552265,9.712703,0.000501
L,breakdown,0.5,B-CORE-no-bottleneck,5,1.000000,166.438735,9.452381,169.065726,166.438735,9.452381,0.000507
L,breakdown,0.5,B-CORE-no-graph,5,1.000000,154.552265,9.712703,149.947894,154.552265,9.712703,0.000474
L,breakdown,0.5,DCGA,5,1.000000,216.770029,16.803495,218.334048,216.770029,16.803495,0.557341
L,breakdown,0.5,GA,5,1.000000,212.066645,14.281271,210.501175,212.066645,14.281271,0.541012
L,breakdown,0.5,LNS,5,1.000000,224.974419,10.983914,225.034805,224.974419,10.983914,0.559495
L,breakdown,0.5,MOEA-NSGA2,5,1.000000,216.469276,7.375094,218.706450,216.469276,7.375094,0.985954
L,breakdown,0.5,MOR,5,1.000000,189.499626,18.298296,191.158843,189.499626,18.298296,0.000016
L,breakdown,0.5,MachineRank,5,1.000000,206.196293,11.877499,201.415838,206.196293,11.877499,0.000206
L,breakdown,0.5,SA,5,1.000000,218.448731,17.578124,219.630288,218.448731,17.578124,0.575994
L,breakdown,1.0,B-CORE,5,1.000000,154.552265,9.712703,149.947894,154.552265,9.712703,0.000497
L,breakdown,1.0,B-CORE-no-bottleneck,5,1.000000,166.438735,9.452381,169.065726,166.438735,9.452381,0.000565
L,breakdown,1.0,B-CORE-no-graph,5,1.000000,154.552265,9.712703,149.947894,154.552265,9.712703,0.000470
L,breakdown,1.0,DCGA,5,1.000000,210.617111,12.088281,209.178600,210.617111,12.088281,1.066857
L,breakdown,1.0,GA,5,1.000000,215.204922,5.857703,214.737584,215.204922,5.857703,1.077672
L,breakdown,1.0,LNS,5,1.000000,219.403372,12.628943,217.388289,219.403372,12.628943,1.071778
L,breakdown,1.0,MOEA-NSGA2,5,1.000000,215.342534,9.047728,218.706450,215.342534,9.047728,1.089686
L,breakdown,1.0,MOR,5,1.000000,189.499626,18.298296,191.158843,189.499626,18.298296,0.000018
L,breakdown,1.0,MachineRank,5,1.000000,206.196293,11.877499,201.415838,206.196293,11.877499,0.000204
L,breakdown,1.0,SA,5,1.000000,216.274309,15.916446,220.472412,216.274309,15.916446,1.090773
L,breakdown,10.0,B-CORE,5,1.000000,154.552265,9.712703,149.947894,154.552265,9.712703,0.000474
L,breakdown,10.0,B-CORE-no-bottleneck,5,1.000000,166.438735,9.452381,169.065726,166.438735,9.452381,0.000459
L,breakdown,10.0,B-CORE-no-graph,5,1.000000,154.552265,9.712703,149.947894,154.552265,9.712703,0.000485
L,breakdown,10.0,DCGA,5,1.000000,194.508274,15.259699,185.619212,194.508274,15.259699,10.057761
L,breakdown,10.0,GA,5,1.000000,194.198439,12.543990,190.354886,194.198439,12.543990,10.048621
L,breakdown,10.0,LNS,5,1.000000,199.724151,12.734096,194.162910,199.724151,12.734096,10.057914
L,breakdown,10.0,MOEA-NSGA2,5,1.000000,192.207164,12.241077,191.752820,192.207164,12.241077,10.048598
L,breakdown,10.0,MOR,5,1.000000,189.499626,18.298296,191.158843,189.499626,18.298296,0.000016
L,breakdown,10.0,MachineRank,5,1.000000,206.196293,11.877499,201.415838,206.196293,11.877499,0.000233
L,breakdown,10.0,SA,5,1.000000,207.263684,14.891992,212.802007,207.263684,14.891992,10.065692
L,breakdown,5.0,B-CORE,5,1.000000,154.552265,9.712703,149.947894,154.552265,9.712703,0.000491
L,breakdown,5.0,B-CORE-no-bottleneck,5,1.000000,166.438735,9.452381,169.065726,166.438735,9.452381,0.000430
L,breakdown,5.0,B-CORE-no-graph,5,1.000000,154.552265,9.712703,149.947894,154.552265,9.712703,0.000474
L,breakdown,5.0,DCGA,5,1.000000,202.134459,10.144922,202.506669,202.134459,10.144922,5.055957
L,breakdown,5.0,GA,5,1.000000,196.412203,8.771373,192.795556,196.412203,8.771373,5.058131
L,breakdown,5.0,LNS,5,1.000000,205.814345,10.506695,207.824235,205.814345,10.506695,5.045116
L,breakdown,5.0,MOEA-NSGA2,5,1.000000,196.650042,10.267297,196.735445,196.650042,10.267297,5.043876
L,breakdown,5.0,MOR,5,1.000000,189.499626,18.298296,191.158843,189.499626,18.298296,0.000024
L,breakdown,5.0,MachineRank,5,1.000000,206.196293,11.877499,201.415838,206.196293,11.877499,0.000218
L,breakdown,5.0,SA,5,1.000000,209.142744,15.454343,214.797918,209.142744,15.454343,5.055355
L,mixed,0.1,B-CORE,5,1.000000,153.290501,6.436843,149.750241,153.290501,6.436843,0.000470
L,mixed,0.1,B-CORE-no-bottleneck,5,1.000000,166.345244,8.755019,163.959725,166.345244,8.755019,0.000506
L,mixed,0.1,B-CORE-no-graph,5,1.000000,153.290501,6.436843,149.750241,153.290501,6.436843,0.000494
L,mixed,0.1,DCGA,5,1.000000,221.542431,17.603719,229.479317,221.542431,17.603719,0.170652
L,mixed,0.1,GA,5,1.000000,229.585809,10.104066,227.258260,229.585809,10.104066,0.170098
L,mixed,0.1,LNS,5,1.000000,236.937471,10.610685,236.276495,236.937471,10.610685,0.170857
L,mixed,0.1,MOEA-NSGA2,5,1.000000,222.803375,11.883969,223.503288,222.803375,11.883969,1.013432
L,mixed,0.1,MOR,5,1.000000,204.856379,13.423741,207.167595,204.856379,13.423741,0.000020
L,mixed,0.1,MachineRank,5,1.000000,208.199354,13.341378,209.138758,208.199354,13.341378,0.000234
L,mixed,0.1,SA,5,1.000000,225.228330,21.512767,233.090071,225.228330,21.512767,0.169414
L,mixed,0.5,B-CORE,5,1.000000,153.290501,6.436843,149.750241,153.290501,6.436843,0.000531
L,mixed,0.5,B-CORE-no-bottleneck,5,1.000000,166.345244,8.755019,163.959725,166.345244,8.755019,0.000530
L,mixed,0.5,B-CORE-no-graph,5,1.000000,153.290501,6.436843,149.750241,153.290501,6.436843,0.000491
L,mixed,0.5,DCGA,5,1.000000,214.209236,17.421798,217.352556,214.209236,17.421798,0.565698
L,mixed,0.5,GA,5,1.000000,224.059959,11.361697,224.611810,224.059959,11.361697,0.553874
L,mixed,0.5,LNS,5,1.000000,224.858380,7.898650,225.482934,224.858380,7.898650,0.558541
L,mixed,0.5,MOEA-NSGA2,5,1.000000,222.803375,11.883969,223.503288,222.803375,11.883969,1.011136
L,mixed,0.5,MOR,5,1.000000,204.856379,13.423741,207.167595,204.856379,13.423741,0.000021
L,mixed,0.5,MachineRank,5,1.000000,208.199354,13.341378,209.138758,208.199354,13.341378,0.000249
L,mixed,0.5,SA,5,1.000000,223.661473,20.710432,229.176203,223.661473,20.710432,0.563521
L,mixed,1.0,B-CORE,5,1.000000,153.290501,6.436843,149.750241,153.290501,6.436843,0.000497
L,mixed,1.0,B-CORE-no-bottleneck,5,1.000000,166.345244,8.755019,163.959725,166.345244,8.755019,0.000527
L,mixed,1.0,B-CORE-no-graph,5,1.000000,153.290501,6.436843,149.750241,153.290501,6.436843,0.000494
L,mixed,1.0,DCGA,5,1.000000,215.499172,10.264193,219.201384,215.499172,10.264193,1.066375
L,mixed,1.0,GA,5,1.000000,222.470249,11.976369,223.503288,222.470249,11.976369,1.056027
L,mixed,1.0,LNS,5,1.000000,222.138579,9.606316,225.871421,222.138579,9.606316,1.060894
L,mixed,1.0,MOEA-NSGA2,5,1.000000,222.803375,11.883969,223.503288,222.803375,11.883969,1.069931
L,mixed,1.0,MOR,5,1.000000,204.856379,13.423741,207.167595,204.856379,13.423741,0.000023
L,mixed,1.0,MachineRank,5,1.000000,208.199354,13.341378,209.138758,208.199354,13.341378,0.000245
L,mixed,1.0,SA,5,1.000000,220.117509,19.439473,220.643110,220.117509,19.439473,1.064071
L,mixed,10.0,B-CORE,5,1.000000,153.290501,6.436843,149.750241,153.290501,6.436843,0.000525
L,mixed,10.0,B-CORE-no-bottleneck,5,1.000000,166.345244,8.755019,163.959725,166.345244,8.755019,0.000512
L,mixed,10.0,B-CORE-no-graph,5,1.000000,153.290501,6.436843,149.750241,153.290501,6.436843,0.000513
L,mixed,10.0,DCGA,5,1.000000,192.237438,14.848456,195.190292,192.237438,14.848456,10.055941
L,mixed,10.0,GA,5,1.000000,192.761422,4.757130,191.182834,192.761422,4.757130,10.054264
L,mixed,10.0,LNS,5,1.000000,199.506814,9.411055,196.750724,199.506814,9.411055,10.054701
L,mixed,10.0,MOEA-NSGA2,5,1.000000,195.848383,12.976491,197.689271,195.848383,12.976491,10.062693
L,mixed,10.0,MOR,5,1.000000,204.856379,13.423741,207.167595,204.856379,13.423741,0.000018
L,mixed,10.0,MachineRank,5,1.000000,208.199354,13.341378,209.138758,208.199354,13.341378,0.000270
L,mixed,10.0,SA,5,1.000000,207.722035,11.153993,207.191115,207.722035,11.153993,10.065310
L,mixed,5.0,B-CORE,5,1.000000,153.290501,6.436843,149.750241,153.290501,6.436843,0.000485
L,mixed,5.0,B-CORE-no-bottleneck,5,1.000000,166.345244,8.755019,163.959725,166.345244,8.755019,0.000534
L,mixed,5.0,B-CORE-no-graph,5,1.000000,153.290501,6.436843,149.750241,153.290501,6.436843,0.000496
L,mixed,5.0,DCGA,5,1.000000,199.550697,10.269123,202.362785,199.550697,10.269123,5.058559
L,mixed,5.0,GA,5,1.000000,199.002586,16.249926,194.292540,199.002586,16.249926,5.063767
L,mixed,5.0,LNS,5,1.000000,205.559833,12.281933,202.708948,205.559833,12.281933,5.053919
L,mixed,5.0,MOEA-NSGA2,5,1.000000,200.353457,9.717123,198.805309,200.353457,9.717123,5.067915
L,mixed,5.0,MOR,5,1.000000,204.856379,13.423741,207.167595,204.856379,13.423741,0.000019
L,mixed,5.0,MachineRank,5,1.000000,208.199354,13.341378,209.138758,208.199354,13.341378,0.000252
L,mixed,5.0,SA,5,1.000000,216.572130,18.409057,216.020746,216.572130,18.409057,5.045622
L,rush_job,0.1,B-CORE,5,1.000000,156.794004,6.588074,154.354225,156.794004,6.588074,0.000556
L,rush_job,0.1,B-CORE-no-bottleneck,5,1.000000,167.094553,4.270706,167.056539,167.094553,4.270706,0.000711
L,rush_job,0.1,B-CORE-no-graph,5,1.000000,156.794004,6.588074,154.354225,156.794004,6.588074,0.000509
L,rush_job,0.1,DCGA,5,1.000000,232.765840,11.474295,229.742808,232.765840,11.474295,0.158718
L,rush_job,0.1,GA,5,1.000000,239.230215,13.623459,244.052834,239.230215,13.623459,0.156681
L,rush_job,0.1,LNS,5,1.000000,239.369105,8.211496,235.435124,239.369105,8.211496,0.156220
L,rush_job,0.1,MOEA-NSGA2,5,1.000000,212.632458,8.315984,212.262578,212.632458,8.315984,0.956961
L,rush_job,0.1,MOR,5,1.000000,213.526372,17.065316,211.776469,213.526372,17.065316,0.000020
L,rush_job,0.1,MachineRank,5,1.000000,213.318076,23.626953,206.048214,213.318076,23.626953,0.000274
L,rush_job,0.1,SA,5,1.000000,247.336636,27.887144,256.810300,247.336636,27.887144,0.155819
L,rush_job,0.5,B-CORE,5,1.000000,156.794004,6.588074,154.354225,156.794004,6.588074,0.000518
L,rush_job,0.5,B-CORE-no-bottleneck,5,1.000000,167.094553,4.270706,167.056539,167.094553,4.270706,0.000506
L,rush_job,0.5,B-CORE-no-graph,5,1.000000,156.794004,6.588074,154.354225,156.794004,6.588074,0.000447
L,rush_job,0.5,DCGA,5,1.000000,224.388503,12.407755,221.286839,224.388503,12.407755,0.565426
L,rush_job,0.5,GA,5,1.000000,216.051881,4.920273,217.081957,216.051881,4.920273,0.555892
L,rush_job,0.5,LNS,5,1.000000,225.418358,13.245453,232.036032,225.418358,13.245453,0.557202
L,rush_job,0.5,MOEA-NSGA2,5,1.000000,212.632458,8.315984,212.262578,212.632458,8.315984,0.980055
L,rush_job,0.5,MOR,5,1.000000,213.526372,17.065316,211.776469,213.526372,17.065316,0.000016
L,rush_job,0.5,MachineRank,5,1.000000,213.318076,23.626953,206.048214,213.318076,23.626953,0.000269
L,rush_job,0.5,SA,5,1.000000,236.772667,21.316805,243.435388,236.772667,21.316805,0.556219
L,rush_job,1.0,B-CORE,5,1.000000,156.794004,6.588074,154.354225,156.794004,6.588074,0.000493
L,rush_job,1.0,B-CORE-no-bottleneck,5,1.000000,167.094553,4.270706,167.056539,167.094553,4.270706,0.000481
L,rush_job,1.0,B-CORE-no-graph,5,1.000000,156.794004,6.588074,154.354225,156.794004,6.588074,0.000559
L,rush_job,1.0,DCGA,5,1.000000,216.394458,8.109859,216.947432,216.394458,8.109859,1.061105
L,rush_job,1.0,GA,5,1.000000,213.907632,6.897372,213.433578,213.907632,6.897372,1.060330
L,rush_job,1.0,LNS,5,1.000000,219.296467,8.188439,224.935458,219.296467,8.188439,1.052029
L,rush_job,1.0,MOEA-NSGA2,5,1.000000,209.163837,11.511719,210.800413,209.163837,11.511719,1.066002
L,rush_job,1.0,MOR,5,1.000000,213.526372,17.065316,211.776469,213.526372,17.065316,0.000018
L,rush_job,1.0,MachineRank,5,1.000000,213.318076,23.626953,206.048214,213.318076,23.626953,0.000248
L,rush_job,1.0,SA,5,1.000000,233.181589,20.619479,243.435388,233.181589,20.619479,1.054334
L,rush_job,10.0,B-CORE,5,1.000000,156.794004,6.588074,154.354225,156.794004,6.588074,0.000541
L,rush_job,10.0,B-CORE-no-bottleneck,5,1.000000,167.094553,4.270706,167.056539,167.094553,4.270706,0.000514
L,rush_job,10.0,B-CORE-no-graph,5,1.000000,156.794004,6.588074,154.354225,156.794004,6.588074,0.000528
L,rush_job,10.0,DCGA,5,1.000000,193.209219,8.843498,196.579877,193.209219,8.843498,10.059058
L,rush_job,10.0,GA,5,1.000000,191.996568,5.704880,192.172593,191.996568,5.704880,10.062530
L,rush_job,10.0,LNS,5,1.000000,201.026839,13.159622,205.398496,201.026839,13.159622,10.065057
L,rush_job,10.0,MOEA-NSGA2,5,1.000000,197.113815,9.791082,195.505391,197.113815,9.791082,10.060844
L,rush_job,10.0,MOR,5,1.000000,213.526372,17.065316,211.776469,213.526372,17.065316,0.000018
L,rush_job,10.0,MachineRank,5,1.000000,213.318076,23.626953,206.048214,213.318076,23.626953,0.000293
L,rush_job,10.0,SA,5,1.000000,211.379793,10.151429,214.412999,211.379793,10.151429,10.053153
L,rush_job,5.0,B-CORE,5,1.000000,156.794004,6.588074,154.354225,156.794004,6.588074,0.000486
L,rush_job,5.0,B-CORE-no-bottleneck,5,1.000000,167.094553,4.270706,167.056539,167.094553,4.270706,0.000461
L,rush_job,5.0,B-CORE-no-graph,5,1.000000,156.794004,6.588074,154.354225,156.794004,6.588074,0.000523
L,rush_job,5.0,DCGA,5,1.000000,192.218615,3.560579,192.187497,192.218615,3.560579,5.047835
L,rush_job,5.0,GA,5,1.000000,200.412662,6.652257,198.358406,200.412662,6.652257,5.040432
L,rush_job,5.0,LNS,5,1.000000,204.705922,12.593572,206.839808,204.705922,12.593572,5.066611
L,rush_job,5.0,MOEA-NSGA2,5,1.000000,200.954889,6.981784,205.638708,200.954889,6.981784,5.060501
L,rush_job,5.0,MOR,5,1.000000,213.526372,17.065316,211.776469,213.526372,17.065316,0.000020
L,rush_job,5.0,MachineRank,5,1.000000,213.318076,23.626953,206.048214,213.318076,23.626953,0.000261
L,rush_job,5.0,SA,5,1.000000,221.271887,15.988738,229.547436,221.271887,15.988738,5.053216
M,breakdown,0.1,B-CORE,5,1.000000,79.011724,7.085961,77.843280,79.011724,7.085961,0.000308
M,breakdown,0.1,B-CORE-no-bottleneck,5,1.000000,80.926509,6.737527,77.279019,80.926509,6.737527,0.000265
M,breakdown,0.1,B-CORE-no-graph,5,1.000000,79.011724,7.085961,77.843280,79.011724,7.085961,0.000365
M,breakdown,0.1,DCGA,5,1.000000,92.511548,7.520246,88.407647,92.511548,7.520246,0.112709
M,breakdown,0.1,GA,5,1.000000,97.272909,8.903632,99.664408,97.272909,8.903632,0.114716
M,breakdown,0.1,LNS,5,1.000000,102.493970,11.393086,102.668563,102.493970,11.393086,0.113264
M,breakdown,0.1,MOEA-NSGA2,5,1.000000,93.833761,3.946994,93.230073,93.833761,3.946994,0.229621
M,breakdown,0.1,MOR,5,1.000000,100.057937,4.236875,99.273012,100.057937,4.236875,0.000009
M,breakdown,0.1,MachineRank,5,1.000000,93.990849,8.767352,91.939054,93.990849,8.767352,0.000122
M,breakdown,0.1,SA,5,1.000000,96.690033,16.290055,99.962085,96.690033,16.290055,0.110648
M,breakdown,0.5,B-CORE,5,1.000000,79.011724,7.085961,77.843280,79.011724,7.085961,0.000305
M,breakdown,0.5,B-CORE-no-bottleneck,5,1.000000,80.926509,6.737527,77.279019,80.926509,6.737527,0.000313
M,breakdown,0.5,B-CORE-no-graph,5,1.000000,79.011724,7.085961,77.843280,79.011724,7.085961,0.000321
M,breakdown,0.5,DCGA,5,1.000000,86.343836,12.210285,91.297508,86.343836,12.210285,0.514357
M,breakdown,0.5,GA,5,1.000000,88.707432,7.152195,90.904723,88.707432,7.152195,0.513717
M,breakdown,0.5,LNS,5,1.000000,89.246634,9.358655,85.570582,89.246634,9.358655,0.511865
M,breakdown,0.5,MOEA-NSGA2,5,1.000000,90.473519,8.562665,90.907279,90.473519,8.562665,0.513497
M,breakdown,0.5,MOR,5,1.000000,100.057937,4.236875,99.273012,100.057937,4.236875,0.000009
M,breakdown,0.5,MachineRank,5,1.000000,93.990849,8.767352,91.939054,93.990849,8.767352,0.000131
M,breakdown,0.5,SA,5,1.000000,92.051286,12.178759,93.562573,92.051286,12.178759,0.513425
M,breakdown,1.0,B-CORE,5,1.000000,79.011724,7.085961,77.843280,79.011724,7.085961,0.000325
M,breakdown,1.0,B-CORE-no-bottleneck,5,1.000000,80.926509,6.737527,77.279019,80.926509,6.737527,0.000314
M,breakdown,1.0,B-CORE-no-graph,5,1.000000,79.011724,7.085961,77.843280,79.011724,7.085961,0.000351
M,breakdown,1.0,DCGA,5,1.000000,81.359717,8.130351,84.477439,81.359717,8.130351,1.015318
M,breakdown,1.0,GA,5,1.000000,84.397188,4.150398,84.844384,84.397188,4.150398,1.013504
M,breakdown,1.0,LNS,5,1.000000,87.392692,5.394191,87.252022,87.392692,5.394191,1.012300
M,breakdown,1.0,MOEA-NSGA2,5,1.000000,84.393312,8.970845,86.664626,84.393312,8.970845,1.014167
M,breakdown,1.0,MOR,5,1.000000,100.057937,4.236875,99.273012,100.057937,4.236875,0.000009
M,breakdown,1.0,MachineRank,5,1.000000,93.990849,8.767352,91.939054,93.990849,8.767352,0.000121
M,breakdown,1.0,SA,5,1.000000,91.114487,11.592239,93.057059,91.114487,11.592239,1.015521
M,breakdown,10.0,B-CORE,5,1.000000,79.011724,7.085961,77.843280,79.011724,7.085961,0.000315
M,breakdown,10.0,B-CORE-no-bottleneck,5,1.000000,80.926509,6.737527,77.279019,80.926509,6.737527,0.000318
M,breakdown,10.0,B-CORE-no-graph,5,1.000000,79.011724,7.085961,77.843280,79.011724,7.085961,0.000334
M,breakdown,10.0,DCGA,5,1.000000,72.621161,7.624115,72.700396,72.621161,7.624115,10.014325
M,breakdown,10.0,GA,5,1.000000,74.801615,6.407762,76.137478,74.801615,6.407762,10.011727
M,breakdown,10.0,LNS,5,1.000000,77.304275,8.111443,80.082908,77.304275,8.111443,9.383137
M,breakdown,10.0,MOEA-NSGA2,5,1.000000,73.535758,6.498329,73.096250,73.535758,6.498329,10.012056
M,breakdown,10.0,MOR,5,1.000000,100.057937,4.236875,99.273012,100.057937,4.236875,0.000010
M,breakdown,10.0,MachineRank,5,1.000000,93.990849,8.767352,91.939054,93.990849,8.767352,0.000117
M,breakdown,10.0,SA,5,1.000000,85.895229,7.806287,89.110553,85.895229,7.806287,9.370522
M,breakdown,5.0,B-CORE,5,1.000000,79.011724,7.085961,77.843280,79.011724,7.085961,0.000333
M,breakdown,5.0,B-CORE-no-bottleneck,5,1.000000,80.926509,6.737527,77.279019,80.926509,6.737527,0.000317
M,breakdown,5.0,B-CORE-no-graph,5,1.000000,79.011724,7.085961,77.843280,79.011724,7.085961,0.000322
M,breakdown,5.0,DCGA,5,1.000000,75.320454,7.296963,78.430876,75.320454,7.296963,5.013359
M,breakdown,5.0,GA,5,1.000000,79.569180,8.541017,81.201036,79.569180,8.541017,5.015491
M,breakdown,5.0,LNS,5,1.000000,78.767463,8.936484,81.391196,78.767463,8.936484,5.013692
M,breakdown,5.0,MOEA-NSGA2,5,1.000000,77.256190,6.033198,78.162869,77.256190,6.033198,5.008764
M,breakdown,5.0,MOR,5,1.000000,100.057937,4.236875,99.273012,100.057937,4.236875,0.000010
M,breakdown,5.0,MachineRank,5,1.000000,93.990849,8.767352,91.939054,93.990849,8.767352,0.000119
M,breakdown,5.0,SA,5,1.000000,85.182617,6.563484,86.386296,85.182617,6.563484,5.010813
M,mixed,0.1,B-CORE,5,1.000000,76.361847,6.036979,77.839603,76.361847,6.036979,0.000303
M,mixed,0.1,B-CORE-no-bottleneck,5,1.000000,75.433679,3.397153,75.528266,75.433679,3.397153,0.000335
M,mixed,0.1,B-CORE-no-graph,5,1.000000,76.361847,6.036979,77.839603,76.361847,6.036979,0.001244
M,mixed,0.1,DCGA,5,1.000000,97.163049,8.211885,97.058277,97.163049,8.211885,0.112366
M,mixed,0.1,GA,5,1.000000,96.954900,3.772243,96.033029,96.954900,3.772243,0.114417
M,mixed,0.1,LNS,5,1.000000,95.353080,9.801552,99.269104,95.353080,9.801552,0.111173
M,mixed,0.1,MOEA-NSGA2,5,1.000000,95.806748,6.539331,96.504369,95.806748,6.539331,0.226213
M,mixed,0.1,MOR,5,1.000000,98.688375,7.804036,100.122255,98.688375,7.804036,0.000011
M,mixed,0.1,MachineRank,5,1.000000,88.486920,1.172222,87.874390,88.486920,1.172222,0.000132
M,mixed,0.1,SA,5,1.000000,96.019180,3.883745,97.075859,96.019180,3.883745,0.111715
M,mixed,0.5,B-CORE,5,1.000000,76.361847,6.036979,77.839603,76.361847,6.036979,0.000310
M,mixed,0.5,B-CORE-no-bottleneck,5,1.000000,75.433679,3.397153,75.528266,75.433679,3.397153,0.000331
M,mixed,0.5,B-CORE-no-graph,5,1.000000,76.361847,6.036979,77.839603,76.361847,6.036979,0.000324
M,mixed,0.5,DCGA,5,1.000000,87.214352,11.340537,89.099835,87.214352,11.340537,0.516306
M,mixed,0.5,GA,5,1.000000,89.518640,7.246826,87.599257,89.518640,7.246826,0.517371
M,mixed,0.5,LNS,5,1.000000,85.285213,6.616181,86.337938,85.285213,6.616181,0.513982
M,mixed,0.5,MOEA-NSGA2,5,1.000000,87.436834,6.164512,86.744393,87.436834,6.164512,0.515705
M,mixed,0.5,MOR,5,1.000000,98.688375,7.804036,100.122255,98.688375,7.804036,0.000010
M,mixed,0.5,MachineRank,5,1.000000,88.486920,1.172222,87.874390,88.486920,1.172222,0.000126
M,mixed,0.5,SA,5,1.000000,94.583753,10.009642,92.508158,94.583753,10.009642,0.514400
M,mixed,1.0,B-CORE,5,1.000000,76.361847,6.036979,77.839603,76.361847,6.036979,0.000332
M,mixed,1.0,B-CORE-no-bottleneck,5,1.000000,75.433679,3.397153,75.528266,75.433679,3.397153,0.000325
M,mixed,1.0,B-CORE-no-graph,5,1.000000,76.361847,6.036979,77.839603,76.361847,6.036979,0.000326
M,mixed,1.0,DCGA,5,1.000000,77.606726,8.933280,75.197757,77.606726,8.933280,1.013398
M,mixed,1.0,GA,5,1.000000,84.921445,6.264731,83.088602,84.921445,6.264731,1.011540
M,mixed,1.0,LNS,5,1.000000,83.405408,4.981044,85.481943,83.405408,4.981044,1.014109
M,mixed,1.0,MOEA-NSGA2,5,1.000000,81.352228,6.280432,81.735936,81.352228,6.280432,1.016981
M,mixed,1.0,MOR,5,1.000000,98.688375,7.804036,100.122255,98.688375,7.804036,0.000010
M,mixed,1.0,MachineRank,5,1.000000,88.486920,1.172222,87.874390,88.486920,1.172222,0.000131
M,mixed,1.0,SA,5,1.000000,89.632162,6.433079,92.508158,89.632162,6.433079,1.014921
M,mixed,10.0,B-CORE,5,1.000000,76.361847,6.036979,77.839603,76.361847,6.036979,0.000280
M,mixed,10.0,B-CORE-no-bottleneck,5,1.000000,75.433679,3.397153,75.528266,75.433679,3.397153,0.000261
M,mixed,10.0,B-CORE-no-graph,5,1.000000,76.361847,6.036979,77.839603,76.361847,6.036979,0.000276
M,mixed,10.0,DCGA,5,1.000000,68.736510,5.993450,68.270279,68.736510,5.993450,10.015018
M,mixed,10.0,GA,5,1.000000,70.631491,8.599157,68.379333,70.631491,8.599157,10.013758
M,mixed,10.0,LNS,5,1.000000,74.615762,2.554235,75.579333,74.615762,2.554235,9.386079
M,mixed,10.0,MOEA-NSGA2,5,1.000000,72.859098,1.602129,73.208495,72.859098,1.602129,10.011857
M,mixed,10.0,MOR,5,1.000000,98.688375,7.804036,100.122255,98.688375,7.804036,0.000009
M,mixed,10.0,MachineRank,5,1.000000,88.486920,1.172222,87.874390,88.486920,1.172222,0.000120
M,mixed,10.0,SA,5,1.000000,79.624633,3.137702,78.748221,79.624633,3.137702,9.452957
M,mixed,5.0,B-CORE,5,1.000000,76.361847,6.036979,77.839603,76.361847,6.036979,0.000312
M,mixed,5.0,B-CORE-no-bottleneck,5,1.000000,75.433679,3.397153,75.528266,75.433679,3.397153,0.000310
M,mixed,5.0,B-CORE-no-graph,5,1.000000,76.361847,6.036979,77.839603,76.361847,6.036979,0.000308
M,mixed,5.0,DCGA,5,1.000000,73.947374,5.668458,73.736524,73.947374,5.668458,5.011572
M,mixed,5.0,GA,5,1.000000,75.538567,7.276827,76.691160,75.538567,7.276827,5.013440
M,mixed,5.0,LNS,5,1.000000,75.986840,6.819204,74.198984,75.986840,6.819204,5.012547
M,mixed,5.0,MOEA-NSGA2,5,1.000000,76.450920,5.811277,77.769470,76.450920,5.811277,5.015794
M,mixed,5.0,MOR,5,1.000000,98.688375,7.804036,100.122255,98.688375,7.804036,0.000011
M,mixed,5.0,MachineRank,5,1.000000,88.486920,1.172222,87.874390,88.486920,1.172222,0.000120
M,mixed,5.0,SA,5,1.000000,85.906452,4.261517,87.347902,85.906452,4.261517,5.009101
M,rush_job,0.1,B-CORE,5,1.000000,76.694122,8.033357,75.999835,76.694122,8.033357,0.000277
M,rush_job,0.1,B-CORE-no-bottleneck,5,1.000000,76.949574,4.428497,75.504564,76.949574,4.428497,0.000269
M,rush_job,0.1,B-CORE-no-graph,5,1.000000,76.694122,8.033357,75.999835,76.694122,8.033357,0.000286
M,rush_job,0.1,DCGA,5,1.000000,93.612454,13.595983,97.036920,93.612454,13.595983,0.109825
M,rush_job,0.1,GA,5,1.000000,99.397980,11.645217,99.541566,99.397980,11.645217,0.111097
M,rush_job,0.1,LNS,5,1.000000,93.352261,14.916682,96.178406,93.352261,14.916682,0.113686
M,rush_job,0.1,MOEA-NSGA2,5,1.000000,88.817710,11.976598,93.653301,88.817710,11.976598,0.222086
M,rush_job,0.1,MOR,5,1.000000,94.050877,7.013328,91.001036,94.050877,7.013328,0.000010
M,rush_job,0.1,MachineRank,5,1.000000,88.418247,9.091640,92.247902,88.418247,9.091640,0.000097
M,rush_job,0.1,SA,5,1.000000,98.912527,19.418977,101.151243,98.912527,19.418977,0.113845
M,rush_job,0.5,B-CORE,5,1.000000,76.694122,8.033357,75.999835,76.694122,8.033357,0.000328
M,rush_job,0.5,B-CORE-no-bottleneck,5,1.000000,76.949574,4.428497,75.504564,76.949574,4.428497,0.000281
M,rush_job,0.5,B-CORE-no-graph,5,1.000000,76.694122,8.033357,75.999835,76.694122,8.033357,0.000330
M,rush_job,0.5,DCGA,5,1.000000,85.083261,15.673159,91.660816,85.083261,15.673159,0.510256
M,rush_job,0.5,GA,5,1.000000,87.390904,6.853182,86.004167,87.390904,6.853182,0.510412
M,rush_job,0.5,LNS,5,1.000000,86.188499,11.020800,89.540202,86.188499,11.020800,0.512508
M,rush_job,0.5,MOEA-NSGA2,5,1.000000,86.648270,11.045488,84.887572,86.648270,11.045488,0.517194
M,rush_job,0.5,MOR,5,1.000000,94.050877,7.013328,91.001036,94.050877,7.013328,0.000010
M,rush_job,0.5,MachineRank,5,1.000000,88.418247,9.091640,92.247902,88.418247,9.091640,0.000094
M,rush_job,0.5,SA,5,1.000000,94.792100,22.016211,90.377190,94.792100,22.016211,0.515520
M,rush_job,1.0,B-CORE,5,1.000000,76.694122,8.033357,75.999835,76.694122,8.033357,0.000279
M,rush_job,1.0,B-CORE-no-bottleneck,5,1.000000,76.949574,4.428497,75.504564,76.949574,4.428497,0.000272
M,rush_job,1.0,B-CORE-no-graph,5,1.000000,76.694122,8.033357,75.999835,76.694122,8.033357,0.000331
M,rush_job,1.0,DCGA,5,1.000000,81.361320,12.155863,86.670582,81.361320,12.155863,1.012278
M,rush_job,1.0,GA,5,1.000000,81.236341,9.466847,79.756220,81.236341,9.466847,1.015535
M,rush_job,1.0,LNS,5,1.000000,83.638666,14.457491,88.732362,83.638666,14.457491,1.011456
M,rush_job,1.0,MOEA-NSGA2,5,1.000000,83.151759,7.645564,84.202249,83.151759,7.645564,1.013402
M,rush_job,1.0,MOR,5,1.000000,94.050877,7.013328,91.001036,94.050877,7.013328,0.000009
M,rush_job,1.0,MachineRank,5,1.000000,88.418247,9.091640,92.247902,88.418247,9.091640,0.000084
M,rush_job,1.0,SA,5,1.000000,88.929477,15.277180,83.142563,88.929477,15.277180,1.014035
M,rush_job,10.0,B-CORE,5,1.000000,76.694122,8.033357,75.999835,76.694122,8.033357,0.000328
M,rush_job,10.0,B-CORE-no-bottleneck,5,1.000000,76.949574,4.428497,75.504564,76.949574,4.428497,0.000293
M,rush_job,10.0,B-CORE-no-graph,5,1.000000,76.694122,8.033357,75.999835,76.694122,8.033357,0.000339
M,rush_job,10.0,DCGA,5,1.000000,70.107018,9.155648,70.863800,70.107018,9.155648,10.011658
M,rush_job,10.0,GA,5,1.000000,71.402310,7.479440,69.923915,71.402310,7.479440,10.010914
M,rush_job,10.0,LNS,5,1.000000,76.858264,8.451993,76.085803,76.858264,8.451993,9.216426
M,rush_job,10.0,MOEA-NSGA2,5,1.000000,73.408433,9.943817,70.870851,73.408433,9.943817,10.014234
M,rush_job,10.0,MOR,5,1.000000,94.050877,7.013328,91.001036,94.050877,7.013328,0.000010
M,rush_job,10.0,MachineRank,5,1.000000,88.418247,9.091640,92.247902,88.418247,9.091640,0.000094
M,rush_job,10.0,SA,5,1.000000,76.638705,7.344236,74.795937,76.638705,7.344236,9.125233
M,rush_job,5.0,B-CORE,5,1.000000,76.694122,8.033357,75.999835,76.694122,8.033357,0.000329
M,rush_job,5.0,B-CORE-no-bottleneck,5,1.000000,76.949574,4.428497,75.504564,76.949574,4.428497,0.000324
M,rush_job,5.0,B-CORE-no-graph,5,1.000000,76.694122,8.033357,75.999835,76.694122,8.033357,0.000329
M,rush_job,5.0,DCGA,5,1.000000,73.013586,10.655345,70.893290,73.013586,10.655345,5.014504
M,rush_job,5.0,GA,5,1.000000,73.395321,9.768531,72.693266,73.395321,9.768531,5.011404
M,rush_job,5.0,LNS,5,1.000000,80.136537,9.381001,80.064044,80.136537,9.381001,5.012105
M,rush_job,5.0,MOEA-NSGA2,5,1.000000,78.604002,11.980381,72.796541,78.604002,11.980381,5.011103
M,rush_job,5.0,MOR,5,1.000000,94.050877,7.013328,91.001036,94.050877,7.013328,0.000010
M,rush_job,5.0,MachineRank,5,1.000000,88.418247,9.091640,92.247902,88.418247,9.091640,0.000091
M,rush_job,5.0,SA,5,1.000000,84.147950,8.464642,80.992063,84.147950,8.464642,5.010871
S,breakdown,0.1,B-CORE,5,1.000000,49.452725,5.914642,48.026998,49.452725,5.914642,0.000203
S,breakdown,0.1,B-CORE-no-bottleneck,5,1.000000,53.290138,8.999132,53.964053,53.290138,8.999132,0.000177
S,breakdown,0.1,B-CORE-no-graph,5,1.000000,49.452725,5.914642,48.026998,49.452725,5.914642,0.000223
S,breakdown,0.1,DCGA,5,1.000000,54.788260,10.324904,53.086070,54.788260,10.324904,0.104094
S,breakdown,0.1,GA,5,1.000000,50.485453,9.412666,46.480372,50.485453,9.412666,0.103202
S,breakdown,0.1,LNS,5,1.000000,51.049166,7.817742,49.235012,51.049166,7.817742,0.103709
S,breakdown,0.1,MOEA-NSGA2,5,1.000000,49.492734,7.806067,47.021291,49.492734,7.806067,0.103853
S,breakdown,0.1,MOR,5,1.000000,61.335108,9.295286,64.205767,61.335108,9.295286,0.000007
S,breakdown,0.1,MachineRank,5,1.000000,56.361217,6.162483,58.898988,56.361217,6.162483,0.000062
S,breakdown,0.1,SA,5,1.000000,57.856650,8.709664,52.680970,57.856650,8.709664,0.102868
S,breakdown,0.5,B-CORE,5,1.000000,49.452725,5.914642,48.026998,49.452725,5.914642,0.000239
S,breakdown,0.5,B-CORE-no-bottleneck,5,1.000000,53.290138,8.999132,53.964053,53.290138,8.999132,0.000224
S,breakdown,0.5,B-CORE-no-graph,5,1.000000,49.452725,5.914642,48.026998,49.452725,5.914642,0.000237
S,breakdown,0.5,DCGA,5,1.000000,49.324380,9.204938,48.466051,49.324380,9.204938,0.503514
S,breakdown,0.5,GA,5,1.000000,48.098073,7.442373,47.021291,48.098073,7.442373,0.503755
S,breakdown,0.5,LNS,5,1.000000,50.315739,10.359725,48.986375,50.315739,10.359725,0.503955
S,breakdown,0.5,MOEA-NSGA2,5,1.000000,49.210287,8.610693,47.792672,49.210287,8.610693,0.503578
S,breakdown,0.5,MOR,5,1.000000,61.335108,9.295286,64.205767,61.335108,9.295286,0.000008
S,breakdown,0.5,MachineRank,5,1.000000,56.361217,6.162483,58.898988,56.361217,6.162483,0.000068
S,breakdown,0.5,SA,5,1.000000,53.227245,7.788959,51.394983,53.227245,7.788959,0.503246
S,breakdown,1.0,B-CORE,5,1.000000,49.452725,5.914642,48.026998,49.452725,5.914642,0.000221
S,breakdown,1.0,B-CORE-no-bottleneck,5,1.000000,53.290138,8.999132,53.964053,53.290138,8.999132,0.000211
S,breakdown,1.0,B-CORE-no-graph,5,1.000000,49.452725,5.914642,48.026998,49.452725,5.914642,0.000219
S,breakdown,1.0,DCGA,5,1.000000,46.721227,6.646815,45.966051,46.721227,6.646815,1.003989
S,breakdown,1.0,GA,5,1.000000,47.553172,7.415135,44.630517,47.553172,7.415135,1.002256
S,breakdown,1.0,LNS,5,1.000000,49.533642,9.213264,48.047524,49.533642,9.213264,1.002465
S,breakdown,1.0,MOEA-NSGA2,5,1.000000,46.490034,6.616798,45.037118,46.490034,6.616798,1.004137
S,breakdown,1.0,MOR,5,1.000000,61.335108,9.295286,64.205767,61.335108,9.295286,0.000008
S,breakdown,1.0,MachineRank,5,1.000000,56.361217,6.162483,58.898988,56.361217,6.162483,0.000067
S,breakdown,1.0,SA,5,1.000000,49.851175,10.126934,46.784245,49.851175,10.126934,1.003215
S,breakdown,10.0,B-CORE,5,1.000000,49.452725,5.914642,48.026998,49.452725,5.914642,0.000264
S,breakdown,10.0,B-CORE-no-bottleneck,5,1.000000,53.290138,8.999132,53.964053,53.290138,8.999132,0.000207
S,breakdown,10.0,B-CORE-no-graph,5,1.000000,49.452725,5.914642,48.026998,49.452725,5.914642,0.000213
S,breakdown,10.0,DCGA,5,1.000000,46.498185,4.600198,45.300677,46.498185,4.600198,9.995047
S,breakdown,10.0,GA,5,1.000000,45.605111,5.538552,43.471764,45.605111,5.538552,10.003209
S,breakdown,10.0,LNS,5,1.000000,45.943229,5.683842,43.600677,45.943229,5.683842,2.744779
S,breakdown,10.0,MOEA-NSGA2,5,1.000000,45.336064,5.969078,43.971146,45.336064,5.969078,10.004035
S,breakdown,10.0,MOR,5,1.000000,61.335108,9.295286,64.205767,61.335108,9.295286,0.000007
S,breakdown,10.0,MachineRank,5,1.000000,56.361217,6.162483,58.898988,56.361217,6.162483,0.000072
S,breakdown,10.0,SA,5,1.000000,46.002909,7.188998,43.280970,46.002909,7.188998,2.828958
S,breakdown,5.0,B-CORE,5,1.000000,49.452725,5.914642,48.026998,49.452725,5.914642,0.000233
S,breakdown,5.0,B-CORE-no-bottleneck,5,1.000000,53.290138,8.999132,53.964053,53.290138,8.999132,0.000231
S,breakdown,5.0,B-CORE-no-graph,5,1.000000,49.452725,5.914642,48.026998,49.452725,5.914642,0.000254
S,breakdown,5.0,DCGA,5,1.000000,46.498185,4.600198,45.300677,46.498185,4.600198,5.003178
S,breakdown,5.0,GA,5,1.000000,46.122890,5.131744,44.630517,46.122890,5.131744,5.004214
S,breakdown,5.0,LNS,5,1.000000,45.943229,5.683842,43.600677,45.943229,5.683842,2.815724
S,breakdown,5.0,MOEA-NSGA2,5,1.000000,45.360775,6.202958,43.403301,45.360775,6.202958,5.003623
S,breakdown,5.0,MOR,5,1.000000,61.335108,9.295286,64.205767,61.335108,9.295286,0.000009
S,breakdown,5.0,MachineRank,5,1.000000,56.361217,6.162483,58.898988,56.361217,6.162483,0.000073
S,breakdown,5.0,SA,5,1.000000,46.002909,7.188998,43.280970,46.002909,7.188998,2.710988
S,mixed,0.1,B-CORE,5,1.000000,56.553522,11.321308,61.747027,56.553522,11.321308,0.000238
S,mixed,0.1,B-CORE-no-bottleneck,5,1.000000,56.619980,12.067756,60.620995,56.619980,12.067756,0.000222
S,mixed,0.1,B-CORE-no-graph,5,1.000000,56.553522,11.321308,61.747027,56.553522,11.321308,0.000231
S,mixed,0.1,DCGA,5,1.000000,56.772481,10.601173,60.526409,56.772481,10.601173,0.105071
S,mixed,0.1,GA,5,1.000000,58.308940,10.874421,56.406080,58.308940,10.874421,0.104007
S,mixed,0.1,LNS,5,1.000000,62.381929,13.519848,61.215956,62.381929,13.519848,0.102626
S,mixed,0.1,MOEA-NSGA2,5,1.000000,58.117853,11.810074,55.847018,58.117853,11.810074,0.104617
S,mixed,0.1,MOR,5,1.000000,60.538322,6.859296,59.140706,60.538322,6.859296,0.000009
S,mixed,0.1,MachineRank,5,1.000000,59.639114,11.258858,67.076858,59.639114,11.258858,0.000056
S,mixed,0.1,SA,5,1.000000,61.515656,13.713023,70.660245,61.515656,13.713023,0.103902
S,mixed,0.5,B-CORE,5,1.000000,56.553522,11.321308,61.747027,56.553522,11.321308,0.000261
S,mixed,0.5,B-CORE-no-bottleneck,5,1.000000,56.619980,12.067756,60.620995,56.619980,12.067756,0.000257
S,mixed,0.5,B-CORE-no-graph,5,1.000000,56.553522,11.321308,61.747027,56.553522,11.321308,0.000245
S,mixed,0.5,DCGA,5,1.000000,51.721031,9.585566,51.147018,51.721031,9.585566,0.504076
S,mixed,0.5,GA,5,1.000000,52.472849,10.173692,54.785462,52.472849,10.173692,0.504225
S,mixed,0.5,LNS,5,1.000000,56.173894,12.004632,60.152712,56.173894,12.004632,0.504496
S,mixed,0.5,MOEA-NSGA2,5,1.000000,52.428042,11.495820,52.286070,52.428042,11.495820,0.504743
S,mixed,0.5,MOR,5,1.000000,60.538322,6.859296,59.140706,60.538322,6.859296,0.000010
S,mixed,0.5,MachineRank,5,1.000000,59.639114,11.258858,67.076858,59.639114,11.258858,0.000064
S,mixed,0.5,SA,5,1.000000,53.490104,9.836796,54.255622,53.490104,9.836796,0.503188
S,mixed,1.0,B-CORE,5,1.000000,56.553522,11.321308,61.747027,56.553522,11.321308,0.000213
S,mixed,1.0,B-CORE-no-bottleneck,5,1.000000,56.619980,12.067756,60.620995,56.619980,12.067756,0.000211
S,mixed,1.0,B-CORE-no-graph,5,1.000000,56.553522,11.321308,61.747027,56.553522,11.321308,0.000222
S,mixed,1.0,DCGA,5,1.000000,51.555061,9.318663,51.147018,51.555061,9.318663,1.004264
S,mixed,1.0,GA,5,1.000000,50.177831,10.308826,54.311774,50.177831,10.308826,1.004777
S,mixed,1.0,LNS,5,1.000000,52.386918,13.014337,51.147018,52.386918,13.014337,1.003016
S,mixed,1.0,MOEA-NSGA2,5,1.000000,52.746913,10.229281,53.346409,52.746913,10.229281,1.003719
S,mixed,1.0,MOR,5,1.000000,60.538322,6.859296,59.140706,60.538322,6.859296,0.000009
S,mixed,1.0,MachineRank,5,1.000000,59.639114,11.258858,67.076858,59.639114,11.258858,0.000057
S,mixed,1.0,SA,5,1.000000,55.038292,9.604790,57.182552,55.038292,9.604790,1.004884
S,mixed,10.0,B-CORE,5,1.000000,56.553522,11.321308,61.747027,56.553522,11.321308,0.000262
S,mixed,10.0,B-CORE-no-bottleneck,5,1.000000,56.619980,12.067756,60.620995,56.619980,12.067756,0.000216
S,mixed,10.0,B-CORE-no-graph,5,1.000000,56.553522,11.321308,61.747027,56.553522,11.321308,0.000219
S,mixed,10.0,DCGA,5,1.000000,48.829153,7.455331,47.396250,48.829153,7.455331,9.983965
S,mixed,10.0,GA,5,1.000000,47.377697,9.355882,47.176240,47.377697,9.355882,9.996427
S,mixed,10.0,LNS,5,1.000000,49.838194,10.572903,51.147018,49.838194,10.572903,2.820888
S,mixed,10.0,MOEA-NSGA2,5,1.000000,47.972566,9.800541,47.176240,47.972566,9.800541,10.003362
S,mixed,10.0,MOR,5,1.000000,60.538322,6.859296,59.140706,60.538322,6.859296,0.000009
S,mixed,10.0,MachineRank,5,1.000000,59.639114,11.258858,67.076858,59.639114,11.258858,0.000057
S,mixed,10.0,SA,5,1.000000,53.339857,11.150062,54.983749,53.339857,11.150062,2.821129
S,mixed,5.0,B-CORE,5,1.000000,56.553522,11.321308,61.747027,56.553522,11.321308,0.000258
S,mixed,5.0,B-CORE-no-bottleneck,5,1.000000,56.619980,12.067756,60.620995,56.619980,12.067756,0.000255
S,mixed,5.0,B-CORE-no-graph,5,1.000000,56.553522,11.321308,61.747027,56.553522,11.321308,0.000255
S,mixed,5.0,DCGA,5,1.000000,49.770292,8.927992,47.396250,49.770292,8.927992,5.003836
S,mixed,5.0,GA,5,1.000000,47.701460,9.754872,47.176240,47.701460,9.754872,5.004045
S,mixed,5.0,LNS,5,1.000000,49.838194,10.572903,51.147018,49.838194,10.572903,2.789881
S,mixed,5.0,MOEA-NSGA2,5,1.000000,47.497697,9.335312,46.341614,47.497697,9.335312,5.004048
S,mixed,5.0,MOR,5,1.000000,60.538322,6.859296,59.140706,60.538322,6.859296,0.000009
S,mixed,5.0,MachineRank,5,1.000000,59.639114,11.258858,67.076858,59.639114,11.258858,0.000066
S,mixed,5.0,SA,5,1.000000,53.339857,11.150062,54.983749,53.339857,11.150062,2.782998
S,rush_job,0.1,B-CORE,5,1.000000,51.444505,4.224213,50.393471,51.444505,4.224213,0.000246
S,rush_job,0.1,B-CORE-no-bottleneck,5,1.000000,54.933893,8.869239,54.335921,54.933893,8.869239,0.000240
S,rush_job,0.1,B-CORE-no-graph,5,1.000000,51.444505,4.224213,50.393471,51.444505,4.224213,0.000246
S,rush_job,0.1,DCGA,5,1.000000,53.895536,8.074293,55.361320,53.895536,8.074293,0.103811
S,rush_job,0.1,GA,5,1.000000,54.352987,6.115357,53.799769,54.352987,6.115357,0.103802
S,rush_job,0.1,LNS,5,1.000000,56.683795,5.413342,58.664986,56.683795,5.413342,0.103831
S,rush_job,0.1,MOEA-NSGA2,5,1.000000,53.669689,8.664745,52.256231,53.669689,8.664745,0.103989
S,rush_job,0.1,MOR,5,1.000000,61.770297,7.523076,63.299478,61.770297,7.523076,0.000009
S,rush_job,0.1,MachineRank,5,1.000000,59.385754,4.728226,58.941324,59.385754,4.728226,0.000058
S,rush_job,0.1,SA,5,1.000000,60.112542,8.260722,61.265761,60.112542,8.260722,0.104291
S,rush_job,0.5,B-CORE,5,1.000000,51.444505,4.224213,50.393471,51.444505,4.224213,0.000257
S,rush_job,0.5,B-CORE-no-bottleneck,5,1.000000,54.933893,8.869239,54.335921,54.933893,8.869239,0.000238
S,rush_job,0.5,B-CORE-no-graph,5,1.000000,51.444505,4.224213,50.393471,51.444505,4.224213,0.000267
S,rush_job,0.5,DCGA,5,1.000000,50.427145,5.296174,49.472054,50.427145,5.296174,0.503678
S,rush_job,0.5,GA,5,1.000000,50.596761,5.336537,49.040098,50.596761,5.336537,0.504720
S,rush_job,0.5,LNS,5,1.000000,50.965268,5.258219,52.426690,50.965268,5.258219,0.503649
S,rush_job,0.5,MOEA-NSGA2,5,1.000000,50.290905,5.922956,48.385462,50.290905,5.922956,0.504581
S,rush_job,0.5,MOR,5,1.000000,61.770297,7.523076,63.299478,61.770297,7.523076,0.000013
S,rush_job,0.5,MachineRank,5,1.000000,59.385754,4.728226,58.941324,59.385754,4.728226,0.000057
S,rush_job,0.5,SA,5,1.000000,52.078970,5.960491,53.530517,52.078970,5.960491,0.503385
S,rush_job,1.0,B-CORE,5,1.000000,51.444505,4.224213,50.393471,51.444505,4.224213,0.000264
S,rush_job,1.0,B-CORE-no-bottleneck,5,1.000000,54.933893,8.869239,54.335921,54.933893,8.869239,0.000244
S,rush_job,1.0,B-CORE-no-graph,5,1.000000,51.444505,4.224213,50.393471,51.444505,4.224213,0.000228
S,rush_job,1.0,DCGA,5,1.000000,48.352677,5.948769,46.700986,48.352677,5.948769,1.003819
S,rush_job,1.0,GA,5,1.000000,48.106966,5.016733,47.771764,48.106966,5.016733,1.003672
S,rush_job,1.0,LNS,5,1.000000,47.077332,4.023635,46.520088,47.077332,4.023635,1.003484
S,rush_job,1.0,MOEA-NSGA2,5,1.000000,48.511430,5.379982,48.035921,48.511430,5.379982,1.003849
S,rush_job,1.0,MOR,5,1.000000,61.770297,7.523076,63.299478,61.770297,7.523076,0.000008
S,rush_job,1.0,MachineRank,5,1.000000,59.385754,4.728226,58.941324,59.385754,4.728226,0.000056
S,rush_job,1.0,SA,5,1.000000,48.600924,6.356446,47.234699,48.600924,6.356446,1.004181
S,rush_job,10.0,B-CORE,5,1.000000,51.444505,4.224213,50.393471,51.444505,4.224213,0.000246
S,rush_job,10.0,B-CORE-no-bottleneck,5,1.000000,54.933893,8.869239,54.335921,54.933893,8.869239,0.000253
S,rush_job,10.0,B-CORE-no-graph,5,1.000000,51.444505,4.224213,50.393471,51.444505,4.224213,0.000263
S,rush_job,10.0,DCGA,5,1.000000,44.930722,3.245205,44.841609,44.930722,3.245205,9.998631
S,rush_job,10.0,GA,5,1.000000,45.163857,3.338028,44.591156,45.163857,3.338028,10.003290
S,rush_job,10.0,LNS,5,1.000000,46.724499,2.581473,46.400073,46.724499,2.581473,2.630028
S,rush_job,10.0,MOEA-NSGA2,5,1.000000,44.550286,4.133610,43.510856,44.550286,4.133610,10.003575
S,rush_job,10.0,MOR,5,1.000000,61.770297,7.523076,63.299478,61.770297,7.523076,0.000009
S,rush_job,10.0,MachineRank,5,1.000000,59.385754,4.728226,58.941324,59.385754,4.728226,0.000060
S,rush_job,10.0,SA,5,1.000000,47.298653,5.342864,45.642208,47.298653,5.342864,2.595771
S,rush_job,5.0,B-CORE,5,1.000000,51.444505,4.224213,50.393471,51.444505,4.224213,0.000222
S,rush_job,5.0,B-CORE-no-bottleneck,5,1.000000,54.933893,8.869239,54.335921,54.933893,8.869239,0.000224
S,rush_job,5.0,B-CORE-no-graph,5,1.000000,51.444505,4.224213,50.393471,51.444505,4.224213,0.000209
S,rush_job,5.0,DCGA,5,1.000000,46.215671,4.877224,45.236520,46.215671,4.877224,5.002845
S,rush_job,5.0,GA,5,1.000000,46.015149,4.344787,44.955917,46.015149,4.344787,5.002743
S,rush_job,5.0,LNS,5,1.000000,46.724499,2.581473,46.400073,46.724499,2.581473,2.685902
S,rush_job,5.0,MOEA-NSGA2,5,1.000000,44.928622,3.920596,43.510856,44.928622,3.920596,5.004037
S,rush_job,5.0,MOR,5,1.000000,61.770297,7.523076,63.299478,61.770297,7.523076,0.000010
S,rush_job,5.0,MachineRank,5,1.000000,59.385754,4.728226,58.941324,59.385754,4.728226,0.000055
S,rush_job,5.0,SA,5,1.000000,47.298653,5.342864,45.642208,47.298653,5.342864,2.624193
