weight_name,weight_kind,perturbation_percent,n_rows,mean_objective,std_objective,rank_stability_proxy_cv
agv_remaining_ops,single_coeff,-10,45,94.906135,44.670056,0.470676
agv_remaining_ops,single_coeff,-25,45,94.889604,44.612157,0.470148
agv_remaining_ops,single_coeff,-50,45,94.791594,44.447289,0.468895
agv_remaining_ops,single_coeff,10,45,94.691346,44.438471,0.469298
agv_remaining_ops,single_coeff,25,45,94.767495,44.545001,0.470045
agv_remaining_ops,single_coeff,50,45,94.239948,44.220721,0.469235
agv_transport,single_coeff,-10,45,94.767495,44.545001,0.470045
agv_transport,single_coeff,-25,45,94.670378,44.554827,0.470631
agv_transport,single_coeff,-50,45,95.411375,46.020985,0.482343
agv_transport,single_coeff,10,45,95.062607,44.546324,0.468600
agv_transport,single_coeff,25,45,95.046076,44.488325,0.468071
agv_transport,single_coeff,50,45,94.942346,44.528527,0.469006
agv_wait,single_coeff,-10,45,94.906135,44.670056,0.470676
agv_wait,single_coeff,-25,45,94.906135,44.670056,0.470676
agv_wait,single_coeff,-50,45,94.906135,44.670056,0.470676
agv_wait,single_coeff,10,45,94.906135,44.670056,0.470676
agv_wait,single_coeff,25,45,94.906135,44.670056,0.470676
agv_wait,single_coeff,50,45,94.906135,44.670056,0.470676
base,base,0,45,94.906135,44.670056,0.470676
bottleneck,single_component,-10,45,94.353622,44.253498,0.469017
bottleneck,single_component,-25,45,95.729659,46.111637,0.481686
bottleneck,single_component,-50,45,96.024049,44.716364,0.465679
bottleneck,single_component,10,45,97.062764,48.037158,0.494908
bottleneck,single_component,25,45,94.492385,44.627526,0.472287
bottleneck,single_component,50,45,95.846584,46.659159,0.486811
disturbance,single_component,-10,45,95.837153,46.005513,0.480038
disturbance,single_component,-25,45,96.077237,46.419059,0.483143
disturbance,single_component,-50,45,97.098677,47.380994,0.487967
disturbance,single_component,10,45,95.314876,45.212582,0.474350
disturbance,single_component,25,45,95.148130,44.791931,0.470760
disturbance,single_component,50,45,95.743064,45.962775,0.480064
job_urgency,single_component,-10,45,96.292566,46.881283,0.486863
job_urgency,single_component,-25,45,95.738960,46.558572,0.486307
job_urgency,single_component,-50,45,95.769854,46.473248,0.485260
job_urgency,single_component,10,45,93.474727,43.724585,0.467769
job_urgency,single_component,25,45,94.186517,44.808960,0.475747
job_urgency,single_component,50,45,94.773227,45.410321,0.479147
machine_alt_gap,single_coeff,-10,45,95.263014,45.346703,0.476016
machine_alt_gap,single_coeff,-25,45,95.229920,44.950636,0.472022
machine_alt_gap,single_coeff,-50,45,94.761951,46.632196,0.492098
machine_alt_gap,single_coeff,10,45,95.858586,46.145924,0.481396
machine_alt_gap,single_coeff,25,45,96.325863,46.178184,0.479395
machine_alt_gap,single_coeff,50,45,97.048043,47.028983,0.484595
machine_delay,single_coeff,-10,45,94.819687,44.698996,0.471410
machine_delay,single_coeff,-25,45,94.327915,44.095626,0.467472
machine_delay,single_coeff,-50,45,94.269502,45.039762,0.477777
machine_delay,single_coeff,10,45,95.604809,45.563626,0.476583
machine_delay,single_coeff,25,45,95.881781,45.239427,0.471825
machine_delay,single_coeff,50,45,96.975123,46.381434,0.478282
machine_pressure,single_coeff,-10,45,94.754379,44.608541,0.470781
machine_pressure,single_coeff,-25,45,94.770865,44.103642,0.465371
machine_pressure,single_coeff,-50,45,94.864973,43.554709,0.459123
machine_pressure,single_coeff,10,45,95.898093,46.164687,0.481393
machine_pressure,single_coeff,25,45,95.613545,46.792487,0.489392
machine_pressure,single_coeff,50,45,96.104302,47.077434,0.489858
machine_queue,single_coeff,-10,45,94.958212,44.736000,0.471112
machine_queue,single_coeff,-25,45,94.958212,44.736000,0.471112
machine_queue,single_coeff,-50,45,94.958212,44.736000,0.471112
machine_queue,single_coeff,10,45,94.906135,44.670056,0.470676
machine_queue,single_coeff,25,45,94.906135,44.670056,0.470676
machine_queue,single_coeff,50,45,94.906135,44.670056,0.470676
machine_remaining_ops,single_coeff,-10,45,94.906135,44.670056,0.470676
machine_remaining_ops,single_coeff,-25,45,94.879940,44.637336,0.470461
machine_remaining_ops,single_coeff,-50,45,94.879940,44.637336,0.470461
machine_remaining_ops,single_coeff,10,45,94.906135,44.670056,0.470676
machine_remaining_ops,single_coeff,25,45,94.906135,44.670056,0.470676
machine_remaining_ops,single_coeff,50,45,94.832876,44.709161,0.471452
machine_remaining_work,single_coeff,-10,45,94.879940,44.637336,0.470461
machine_remaining_work,single_coeff,-25,45,94.879940,44.637336,0.470461
machine_remaining_work,single_coeff,-50,45,94.879940,44.637336,0.470461
machine_remaining_work,single_coeff,10,45,94.906135,44.670056,0.470676
machine_remaining_work,single_coeff,25,45,94.832876,44.709161,0.471452
machine_remaining_work,single_coeff,50,45,94.832876,44.709161,0.471452
machine_transport,single_coeff,-10,45,97.023062,47.775758,0.492417
machine_transport,single_coeff,-25,45,96.729799,47.300934,0.489001
machine_transport,single_coeff,-50,45,98.421943,47.803973,0.485704
machine_transport,single_coeff,10,45,94.614737,45.289425,0.478672
machine_transport,single_coeff,25,45,95.254891,45.693507,0.479697
machine_transport,single_coeff,50,45,94.352132,44.998968,0.476926
safety,single_component,-10,45,95.081829,44.731088,0.470448
safety,single_component,-25,45,95.175241,44.963913,0.472433
safety,single_component,-50,45,95.236527,44.889262,0.471345
safety,single_component,10,45,95.335543,45.321707,0.475392
safety,single_component,25,45,97.518964,47.997111,0.492182
safety,single_component,50,45,98.356300,49.013864,0.498330
transport,single_component,-10,45,95.017438,45.210341,0.475811
transport,single_component,-25,45,95.252167,44.608996,0.468325
transport,single_component,-50,45,95.823596,45.766460,0.477612
transport,single_component,10,45,96.336634,46.958854,0.487445
transport,single_component,25,45,96.352559,47.426537,0.492219
transport,single_component,50,45,95.324160,46.395009,0.486708
